"file","lhs","op","rhs","beta","beta.std","se","z","pval","level"
"sub1","X1","~","X1lag",0.734298869438128,0.734906084409282,0.03260237033256,22.5414924409754,0,"group"
"sub1","X2","~","X2lag",0.601267640344371,0.62708374087497,0.0375037354938605,16.7205675012727,0,"group"
"sub1","X3","~","X3lag",0.489230261166622,0.500956464287664,0.0477871050440037,10.4830887710475,0,"group"
"sub1","X4","~","X4lag",0.654645000867314,0.668505557411444,0.0402636926254504,16.6031854959296,0,"group"
"sub1","X2","~","X1",0.466731903843124,0.37275486787925,0.041646446928674,8.9504602521711,0,"group"
"sub1","X3","~","X4",0.368288289090337,0.345931174110224,0.0451466528076414,7.66238807523892,1.82076576038526e-14,"group"
"sub1","X4","~","X1",0.423970272535645,0.301353955117757,0.0471054255848423,6.39743620562314,1.58007384953862e-10,"group"
"sub1","X3","~","X2",0.22040119156093,0.184247406734066,0.0382894143170349,4.81196722437447,1.494518674372e-06,"group"
"sub10","X1","~","X1lag",0.94492695660519,0.940802493366511,0.00814438693942148,115.515446449716,0,"group"
"sub10","X2","~","X2lag",0.612040196033477,0.612953487101572,0.0411754801183138,14.8863713389694,0,"group"
"sub10","X3","~","X3lag",0.430107603140458,0.43272793872513,0.055404889190419,7.81028434580753,5.77315972805081e-15,"group"
"sub10","X4","~","X4lag",0.648273648239562,0.650258371017035,0.0406392500680605,16.0007473053272,0,"group"
"sub10","X2","~","X1",0.445680471755941,0.381378972172769,0.0424261847489485,8.9892356437311,0,"group"
"sub10","X3","~","X4",0.369789887271141,0.342876220198872,0.0491439469934941,6.97697765798632,3.0160318686967e-12,"group"
"sub10","X4","~","X1",0.447361491511343,0.348650677270796,0.0421047313105292,8.28055818001642,2.22044604925031e-16,"group"
"sub10","X3","~","X2",0.26830154977676,0.226570985594632,0.0452459605234059,5.00754062845954,5.51299171203112e-07,"group"
"sub100","X1","~","X1lag",0.529400531563735,0.606092505619926,0.0448475162861541,13.5145166513278,0,"group"
"sub100","X2","~","X2lag",0.554541966731581,0.571691292093262,0.0449481667602833,12.7189011988452,0,"group"
"sub100","X3","~","X3lag",0.394813400394318,0.404069057275402,0.0512253621358866,7.8880663879646,3.10862446895044e-15,"group"
"sub100","X4","~","X4lag",0.658980600817979,0.672355147050712,0.0391769458388656,17.1620102755355,0,"group"
"sub100","X2","~","X1",0.343721140044699,0.250131075857157,0.0467181675496284,5.35404295537586,8.6010427668981e-08,"group"
"sub100","X3","~","X4",0.336842233026243,0.358233202639951,0.0496923843467409,7.20901617721321,5.6354920729973e-13,"group"
"sub100","X4","~","X1",0.311391072880345,0.245147463491206,0.0495591380570623,4.94656430886556,7.55347809633378e-07,"group"
"sub100","X3","~","X2",0.218909957262603,0.251863162834822,0.0462473475551502,5.44600233633884,5.15144600310435e-08,"group"
"sub100","X2","~","X1lag",0.239735447733667,0.199732253870185,0.0509228033738376,3.92225566224033,8.77238360039723e-05,"ind"
"sub11","X1","~","X1lag",0.709051961768158,0.7203930545501,0.0340995690889948,21.1261629925581,0,"group"
"sub11","X2","~","X2lag",0.49107734830597,0.498163176603104,0.0468562100425742,10.6317428607748,0,"group"
"sub11","X3","~","X3lag",0.452752114238928,0.463107686264631,0.0475463072196127,9.74013994663293,0,"group"
"sub11","X4","~","X4lag",0.585572476536824,0.590497632850727,0.0427931706926539,13.7988754582304,0,"group"
"sub11","X2","~","X1",0.203596173364241,0.173071313533813,0.053697538791007,3.22307721043628,0.00126821364011143,"group"
"sub11","X3","~","X4",0.349767348913567,0.32992784614361,0.0534752833808437,6.1697259983441,6.84084344726443e-10,"group"
"sub11","X4","~","X1",0.40369419200801,0.350853186646246,0.047534718414596,7.38098800935598,1.57207580286922e-13,"group"
"sub11","X3","~","X2",0.234478746273865,0.226131277052217,0.0455644472854137,4.96288862313505,6.94524131317209e-07,"group"
"sub11","X2","~","X1lag",0.365321471492804,0.315516540260272,0.0559608036364419,5.63817028629672,1.71866512133079e-08,"ind"
"sub12","X1","~","X1lag",0.755515501029874,0.768764876376401,0.0289932979215398,26.5152615082559,0,"group"
"sub12","X2","~","X2lag",0.557688675174975,0.587080619244359,0.0409982220779146,14.319660450852,0,"group"
"sub12","X3","~","X3lag",0.552240042660589,0.563721292429939,0.0461783807546765,12.207472051147,0,"group"
"sub12","X4","~","X4lag",0.588032250370521,0.601641985649768,0.0414874283260031,14.5017902995129,0,"group"
"sub12","X2","~","X1",0.507112706391977,0.4072813402672,0.0435656641986079,9.34867739902872,0,"group"
"sub12","X3","~","X4",0.255703333175192,0.257853114460219,0.0494214712920134,5.21743096106263,1.81421810907523e-07,"group"
"sub12","X4","~","X1",0.531198943563465,0.396817478563672,0.0447016708452159,8.87701669894382,0,"group"
"sub12","X3","~","X2",0.202872182391595,0.190283908395675,0.0421812285924522,4.51110398500162,6.4491094162733e-06,"group"
"sub13","X1","~","X1lag",0.462476738402615,0.465654095000462,0.0520996638954862,8.93775621920673,0,"group"
"sub13","X2","~","X2lag",0.522172304861415,0.534624631961467,0.0451554463135451,11.8396489373442,0,"group"
"sub13","X3","~","X3lag",0.462399529162566,0.498003002278714,0.0532746837310776,9.34783592132721,0,"group"
"sub13","X4","~","X4lag",0.761043891483055,0.766487101178044,0.0342230057171286,22.3968375984701,0,"group"
"sub13","X2","~","X1",0.453397140420495,0.388991465529074,0.0484690690815273,8.025560896884,1.11022302462516e-15,"group"
"sub13","X3","~","X4",0.357977193744173,0.390301948696343,0.0545834114752832,7.15055981565173,8.64197602368222e-13,"group"
"sub13","X4","~","X1",0.243585580895204,0.164783185993091,0.0446409557326687,3.69130058459974,0.00022311028304256,"group"
"sub13","X3","~","X2",0.0818599104451625,0.0703747148581428,0.0494443866153097,1.42331050450027,0.154646163174567,"group"
"sub13","X1","~","X3",0.273315134732785,0.370558689615347,0.0560598400257637,6.61005613724633,3.84174914103141e-11,"ind"
"sub14","X1","~","X1lag",0.784504438514159,0.79209795341588,0.026411551350051,29.9905879407705,0,"group"
"sub14","X2","~","X2lag",0.614752347916682,0.615245569567525,0.0404843408571503,15.1971245311472,0,"group"
"sub14","X3","~","X3lag",0.473142606908167,0.475742948713324,0.0470347801603594,10.1147054815891,0,"group"
"sub14","X4","~","X4lag",0.656003424628763,0.661508156978682,0.041045435795787,16.1164851621963,0,"group"
"sub14","X2","~","X1",0.428099038539647,0.369860734869926,0.0441576847053161,8.37590868584191,0,"group"
"sub14","X3","~","X4",0.390084273618914,0.366060958849832,0.046948877758978,7.79701190578151,6.43929354282591e-15,"group"
"sub14","X4","~","X1",0.430067597109119,0.323732952662393,0.0466096688472109,6.94561795158012,3.76809694557778e-12,"group"
"sub14","X3","~","X2",0.21470618758747,0.175547941671633,0.0423204861128841,4.14806061545189,3.35303631635586e-05,"group"
"sub15","X1","~","X1lag",0.424401986980342,0.424527126131748,0.0623433236436155,6.80950423109538,9.79349934482343e-12,"group"
"sub15","X2","~","X2lag",0.6022777869063,0.604205966346558,0.0405294331364291,14.9078316568775,0,"group"
"sub15","X3","~","X3lag",0.445997584926453,0.462953215897876,0.0532097349110577,8.70053603295942,0,"group"
"sub15","X4","~","X4lag",0.608891345770645,0.617148047380687,0.0439935087407334,14.0281615412338,0,"group"
"sub15","X2","~","X1",0.45585473408773,0.353424759509053,0.0446149707064821,7.92166292866587,2.44249065417534e-15,"group"
"sub15","X3","~","X4",0.275458000322928,0.281225684846653,0.0484150173086952,5.8086457566162,6.29801855112078e-09,"group"
"sub15","X4","~","X1",0.392147379459701,0.307200315124753,0.0495496646086034,6.19984650857584,5.65182567413558e-10,"group"
"sub15","X3","~","X2",0.258111805064882,0.266262066627615,0.0482943831334312,5.5133133369147,3.52140485659902e-08,"group"
"sub15","X1","~","X3lag",0.278208534388328,0.361079734368406,0.0633204691849678,5.70241722804741,1.18120273562283e-08,"ind"
"sub16","X1","~","X1lag",0.653507372305657,0.661883087242652,0.0398328001053472,16.6165342504706,0,"group"
"sub16","X2","~","X2lag",0.638905358608152,0.652359889310324,0.0361272607016676,18.0572752165572,0,"group"
"sub16","X3","~","X3lag",0.396195521309908,0.406652061062935,0.0521620434137158,7.79593808926604,6.43929354282591e-15,"group"
"sub16","X4","~","X4lag",0.703975574401363,0.720280944260072,0.0348791623963594,20.6507523338706,0,"group"
"sub16","X2","~","X1",0.478062500288205,0.355370370570824,0.0415525287695086,8.55231633535614,0,"group"
"sub16","X3","~","X4",0.279615922275985,0.292701706296545,0.0529698406475977,5.52581813949292,3.27953708634254e-08,"group"
"sub16","X4","~","X1",0.345501964173437,0.250320171222998,0.044615248055234,5.61064170063785,2.01577736724801e-08,"group"
"sub16","X3","~","X2",0.296025290409686,0.302023657054479,0.0495700895805305,6.09286082817781,1.10910480799475e-09,"group"
"sub17","X1","~","X1lag",0.677411387071223,0.677480940541519,0.0383518499640914,17.6648829502577,0,"group"
"sub17","X2","~","X2lag",0.648185668493269,0.654302133373094,0.0383090120442109,17.0795877643096,0,"group"
"sub17","X3","~","X3lag",0.483952309766617,0.498680982068123,0.0516675623362272,9.65172265768901,0,"group"
"sub17","X4","~","X4lag",0.695123407522107,0.706458668486577,0.0334375136115346,21.1277272794254,0,"group"
"sub17","X2","~","X1",0.373238787832385,0.309613026821445,0.0453189930262331,6.83186024548743,8.38196179131501e-12,"group"
"sub17","X3","~","X4",0.291030675411878,0.308032445299521,0.056239946554063,5.47711127362846,4.3232537327853e-08,"group"
"sub17","X4","~","X1",0.409701808420076,0.294190388005555,0.0411358370692825,7.15168108795425,8.57314219615546e-13,"group"
"sub17","X3","~","X2",0.222536410397494,0.203885771084129,0.0449572860998427,4.53509961947731,5.75763030630227e-06,"group"
"sub18","X1","~","X1lag",0.909002578332409,0.904188350564922,0.012933069485968,69.9128966674107,0,"group"
"sub18","X2","~","X2lag",0.588708480203847,0.595202275236556,0.0429122441850642,13.8702201793426,0,"group"
"sub18","X3","~","X3lag",0.412790185909734,0.418042594357111,0.0507018703111123,8.24511190202561,2.22044604925031e-16,"group"
"sub18","X4","~","X4lag",0.680605452211591,0.687557748369574,0.0438898145723775,15.6655423375221,0,"group"
"sub18","X2","~","X1",0.476068347064409,0.39744616295658,0.0444610866044933,8.93919139880881,0,"group"
"sub18","X3","~","X4",0.380727788031656,0.395677812713964,0.0483654594954658,8.18099976391331,2.22044604925031e-16,"group"
"sub18","X4","~","X1",0.418613284042642,0.304555581191282,0.047094812382371,6.46686048387967,1.00059960317367e-10,"group"
"sub18","X3","~","X2",0.215982164439609,0.195609330609439,0.0419209432776322,4.66614811870921,3.06898508761755e-06,"group"
"sub19","X1","~","X1lag",0.712101766589718,0.712384889757687,0.0349129371265061,20.4046106798858,0,"group"
"sub19","X2","~","X2lag",0.534082949635537,0.580308230428558,0.0411709268227488,14.0950975654964,0,"group"
"sub19","X3","~","X3lag",0.402516372979224,0.407584477097419,0.0503329747616231,8.09776253097971,6.66133814775094e-16,"group"
"sub19","X4","~","X4lag",0.639012299558003,0.666326314314164,0.0344042610441439,19.3675519860521,0,"group"
"sub19","X2","~","X1",0.486646884390068,0.400816423082808,0.0449838688475629,8.91022567314199,0,"group"
"sub19","X3","~","X4",0.436186844124716,0.46971406768282,0.0518152273625026,9.06517430477861,0,"group"
"sub19","X4","~","X1",0.560815580611378,0.352210337591033,0.0402374012541146,8.75330728658866,0,"group"
"sub19","X3","~","X2",0.148424018012259,0.12187528830015,0.0428469688019052,2.84443197985876,0.00444906840605208,"group"
"sub2","X1","~","X1lag",0.760511689200774,0.762034357410052,0.029723643164495,25.6373134744231,0,"group"
"sub2","X2","~","X2lag",0.596180347534145,0.605941632350245,0.0399636094567803,15.1623349488879,0,"group"
"sub2","X3","~","X3lag",0.323997076533022,0.341965911982729,0.0490440700526817,6.9726250618148,3.11084491499969e-12,"group"
"sub2","X4","~","X4lag",0.70853922664392,0.723011711272201,0.0354254984254543,20.4093588914107,0,"group"
"sub2","X2","~","X1",0.464275990517315,0.387999748919208,0.0432915548106353,8.96248126491151,0,"group"
"sub2","X3","~","X4",0.439770402281491,0.459867068159881,0.0463497654279385,9.92166980596376,0,"group"
"sub2","X4","~","X1",0.340664485565039,0.26458769960727,0.0428482273971073,6.17499755952873,6.6164496104193e-10,"group"
"sub2","X3","~","X2",0.219128382637105,0.212957292763667,0.0438976783496941,4.85121994532885,1.22704379745819e-06,"group"
"sub20","X1","~","X1lag",0.585917613122374,0.625725768001767,0.0449794010820527,13.9113850551345,0,"group"
"sub20","X2","~","X2lag",0.535913528840793,0.539849886498018,0.0465558204630022,11.5957549696076,0,"group"
"sub20","X3","~","X3lag",0.414234883464875,0.42765997636154,0.0497836095785656,8.59037703336139,0,"group"
"sub20","X4","~","X4lag",0.653300176902365,0.652526322762239,0.0411968910779311,15.8392127582606,0,"group"
"sub20","X2","~","X1",0.512097108538259,0.407576507315002,0.0485376287729034,8.39712440881611,0,"group"
"sub20","X3","~","X4",0.481197905855569,0.454195444359581,0.052559336356046,8.64157494841226,0,"group"
"sub20","X4","~","X1",0.415518555131922,0.29406722843319,0.0458858961713513,6.40866263862554,1.46801681921715e-10,"group"
"sub20","X3","~","X2",0.156577356507497,0.131415741058569,0.0392116129320339,3.35144951283574,0.000803896958039285,"group"
"sub20","X1","~","X3lag",0.173104183329799,0.267537245109065,0.0507174491030525,5.27505325761667,1.32717539624849e-07,"ind"
"sub21","X1","~","X1lag",0.830611867648171,0.832228035940589,0.0217907583955931,38.1917885019044,0,"group"
"sub21","X2","~","X2lag",0.526929836251998,0.534260540382818,0.045855895745908,11.6508582308196,0,"group"
"sub21","X3","~","X3lag",0.512891485701686,0.526436541318731,0.0486550484720462,10.8197722096852,0,"group"
"sub21","X4","~","X4lag",0.64562377816222,0.663121703354214,0.0380851998417704,17.4115327242402,0,"group"
"sub21","X2","~","X1",0.549815869120597,0.44251272674396,0.0470704200538781,9.40107877170944,0,"group"
"sub21","X3","~","X4",0.298506279242805,0.27645110960034,0.049502671790687,5.58456947069975,2.34279855515496e-08,"group"
"sub21","X4","~","X1",0.583195442022375,0.348594158422696,0.0416901867946005,8.36153985445428,0,"group"
"sub21","X3","~","X2",0.323667296558675,0.222618460767227,0.0353476829657438,6.29796473457599,3.01579206052338e-10,"group"
"sub22","X1","~","X1lag",0.476230040044114,0.476508074210457,0.0629022105057951,7.57537883611509,3.574918139293e-14,"group"
"sub22","X2","~","X2lag",0.52848653417134,0.525808913309933,0.0415640993263805,12.6505547294803,0,"group"
"sub22","X3","~","X3lag",0.595802068226276,0.602822803973661,0.0467594379453811,12.8920027797983,0,"group"
"sub22","X4","~","X4lag",0.640488793918408,0.641673302578235,0.0416095903341862,15.4212838296329,0,"group"
"sub22","X2","~","X1",0.518362964884821,0.435124670978729,0.0429911136634374,10.1212700462977,0,"group"
"sub22","X3","~","X4",0.288544914944365,0.261595909561786,0.0488889793760949,5.3508155191658,8.75587466975247e-08,"group"
"sub22","X4","~","X1",0.366077751944771,0.276480305469716,0.0475384545158229,5.81592961499602,6.02978356134543e-09,"group"
"sub22","X3","~","X2",0.166599153094843,0.135894360817211,0.0410445916494913,3.31089567116928,0.000929978738815951,"group"
"sub22","X1","~","X3lag",0.223216121477784,0.329841149563538,0.0649624841530515,5.07740973677104,3.82615173988299e-07,"ind"
"sub23","X1","~","X1lag",0.611033102450806,0.694061164202983,0.0367398245799385,18.8912487236526,0,"group"
"sub23","X2","~","X2lag",0.595289073332293,0.65091235085753,0.0371705156327303,17.5115233075856,0,"group"
"sub23","X3","~","X3lag",0.32767096591481,0.338976186198978,0.0532005831026327,6.37166298619391,1.86989534967097e-10,"group"
"sub23","X4","~","X4lag",0.656914830187258,0.672672479168566,0.0371864800176017,18.0891678602052,0,"group"
"sub23","X2","~","X1",0.458031378866465,0.329201116554485,0.0426535863264516,7.71801728546168,1.17683640610267e-14,"group"
"sub23","X3","~","X4",0.430918792862872,0.429074669584886,0.0497147795340568,8.63072658887989,0,"group"
"sub23","X4","~","X1",0.43091157948943,0.320042542660092,0.0445106779346592,7.19024192644085,6.46815934146616e-13,"group"
"sub23","X3","~","X2",0.237987335229558,0.244875179854919,0.0441785711962274,5.54284969441995,2.97588296227502e-08,"group"
"sub24","X1","~","X1lag",0.760839134365378,0.779855300163641,0.0277757916237749,28.0767983403259,0,"group"
"sub24","X2","~","X2lag",0.53127537744047,0.545543919963865,0.046384656801535,11.7613012056567,0,"group"
"sub24","X3","~","X3lag",0.549390804408683,0.565350996839439,0.0442853178595412,12.7661045277478,0,"group"
"sub24","X4","~","X4lag",0.706678868009721,0.722427035819242,0.0389336837843254,18.5553219115138,0,"group"
"sub24","X2","~","X1",0.560114166718928,0.432007620320879,0.0483095857716544,8.94248239599601,0,"group"
"sub24","X3","~","X4",0.286541697583473,0.271656241865094,0.0459272102706199,5.91493017460447,3.32016392157186e-09,"group"
"sub24","X4","~","X1",0.339636714948736,0.241559489848987,0.0473192449563451,5.10488893201573,3.30988859875703e-07,"group"
"sub24","X3","~","X2",0.220447827800243,0.192722448410052,0.0382168805563542,5.04286183499108,4.58620408094745e-07,"group"
"sub25","X1","~","X1lag",0.681421570639088,0.67895482309312,0.0382101359649952,17.7689716601668,0,"group"
"sub25","X2","~","X2lag",0.62317791302755,0.629384634543886,0.0403057861462147,15.615242741097,0,"group"
"sub25","X3","~","X3lag",0.464257193687557,0.478324254448502,0.0480557902953877,9.95351968011253,0,"group"
"sub25","X4","~","X4lag",0.614257385443377,0.621650010182836,0.0388819434998861,15.9881413897085,0,"group"
"sub25","X2","~","X1",0.409154637360241,0.331308471150354,0.0465192351453204,7.12196729192531,1.06403774680075e-12,"group"
"sub25","X3","~","X4",0.343300502624369,0.353261140531891,0.050584606999221,6.98356993338569,2.87769807982841e-12,"group"
"sub25","X4","~","X1",0.546587056316653,0.367167101904018,0.043699752731309,8.40204072003726,0,"group"
"sub25","X3","~","X2",0.217032386612682,0.185270097342487,0.0479709211967868,3.86213340749639,0.000112401155302644,"group"
"sub26","X1","~","X1lag",0.883447518172255,0.885043345024593,0.0153613316657698,57.6150143933658,0,"group"
"sub26","X2","~","X2lag",0.601314438061029,0.606022563711707,0.0385646617572506,15.7144529757938,0,"group"
"sub26","X3","~","X3lag",0.457704816577586,0.463114921915906,0.0505600905760194,9.15969328060423,0,"group"
"sub26","X4","~","X4lag",0.657847273453913,0.666518560154057,0.0444706622756216,14.9878262667439,0,"group"
"sub26","X2","~","X1",0.50909810462779,0.39433655691576,0.0403157227035674,9.7812101699188,0,"group"
"sub26","X3","~","X4",0.373923386294331,0.307628022190614,0.0411515595129412,7.47548879876282,7.68274333040608e-14,"group"
"sub26","X4","~","X1",0.360035904727283,0.311365289415596,0.0483810836377241,6.43568241974672,1.22919896483609e-10,"group"
"sub26","X3","~","X2",0.261696446462987,0.240380876242769,0.0460367390813453,5.22150093685012,1.77478731488989e-07,"group"
"sub27","X1","~","X1lag",0.676101866637933,0.740941271439236,0.0319709589017486,23.1754472462417,0,"group"
"sub27","X2","~","X2lag",0.553296190366976,0.556202263476903,0.0454138170450532,12.2474237945055,0,"group"
"sub27","X3","~","X3lag",0.489191449668856,0.497510025767265,0.0495887953318228,10.0327104628815,0,"group"
"sub27","X4","~","X4lag",0.670592609343011,0.684911513318094,0.0362207969989298,18.9093440803727,0,"group"
"sub27","X2","~","X1",0.21369378953786,0.163546771566617,0.0559078052481743,2.92529407728732,0.0034413084800653,"group"
"sub27","X3","~","X4",0.361151758088068,0.340764406849265,0.0537752405385323,6.33682719847794,2.34544828003891e-10,"group"
"sub27","X4","~","X1",0.390615238951033,0.296899615554909,0.0442543962510914,6.70892929756299,1.96058724810655e-11,"group"
"sub27","X3","~","X2",0.165660884079097,0.155236858536549,0.0437301050948033,3.54988532956891,0.000385398985988328,"group"
"sub27","X2","~","X1lag",0.313025803044907,0.262543859027662,0.0569765679029846,4.60792688451684,4.06703615785098e-06,"ind"
"sub28","X1","~","X1lag",0.653069203861484,0.655697495158879,0.0404105356990813,16.2259045522573,0,"group"
"sub28","X2","~","X2lag",0.463720143573486,0.469772380095765,0.0509439937501523,9.22134967273469,0,"group"
"sub28","X3","~","X3lag",0.436497151636711,0.448231947967082,0.0511125339418628,8.76951137810769,0,"group"
"sub28","X4","~","X4lag",0.699014032605689,0.703911846029558,0.0338715139650323,20.7818241238419,0,"group"
"sub28","X2","~","X1",0.293843840774414,0.220201768139672,0.054100312232381,4.07024948754128,4.69628171022585e-05,"group"
"sub28","X3","~","X4",0.290192987301815,0.315891829606192,0.0530774417769268,5.95152703353372,2.65652122521942e-09,"group"
"sub28","X4","~","X1",0.370482399914785,0.262067320596904,0.0431845765559847,6.06853977732441,1.29078459032428e-09,"group"
"sub28","X3","~","X2",0.242871522550345,0.249556653182961,0.0443749304877086,5.6238207122845,1.86779505195744e-08,"group"
"sub28","X2","~","X1lag",0.370435503056086,0.278715507573021,0.0589962702627284,4.72429030397711,2.30920350774433e-06,"ind"
"sub29","X1","~","X1lag",0.720122029181651,0.720176231926473,0.034121717607727,21.1060955431911,0,"group"
"sub29","X2","~","X2lag",0.545366461816272,0.57156412616869,0.0450844346926325,12.6776376384751,0,"group"
"sub29","X3","~","X3lag",0.365077640267515,0.37357906045408,0.049677928593668,7.520020883111,5.48450174164827e-14,"group"
"sub29","X4","~","X4lag",0.657741039597868,0.672821514362022,0.0405700964401757,16.5841734035353,0,"group"
"sub29","X2","~","X1",0.517113765406876,0.381650331821319,0.0488694085626306,7.80959588107557,5.77315972805081e-15,"group"
"sub29","X3","~","X4",0.33946078637951,0.381950003821852,0.0508672655004956,7.50875833532138,5.97299987248334e-14,"group"
"sub29","X4","~","X1",0.394847203142734,0.282263089387494,0.0483413055065034,5.83896289994736,5.2526762939209e-09,"group"
"sub29","X3","~","X2",0.222160213430668,0.242118886898852,0.0483648255993712,5.00609448909084,5.55454982897885e-07,"group"
"sub3",NA,NA,NA,NA,NA,NA,NA,NA,NA
"sub30","X1","~","X1lag",0.439850348768109,0.440345751601998,0.0638178807326932,6.9000372081678,5.19895237971468e-12,"group"
"sub30","X2","~","X2lag",0.56701372550273,0.599136702007744,0.0408747548257594,14.6578665624232,0,"group"
"sub30","X3","~","X3lag",0.495004309685618,0.513083791263901,0.0501631179964703,10.2283074050541,0,"group"
"sub30","X4","~","X4lag",0.614004591081693,0.622645828262042,0.0379894786969747,16.3899545247413,0,"group"
"sub30","X2","~","X1",0.447970380817254,0.381075838977785,0.045302653632474,8.41177742189964,0,"group"
"sub30","X3","~","X4",0.347410410654659,0.373557770398561,0.0538166879323812,6.9412998969376,3.88511445237327e-12,"group"
"sub30","X4","~","X1",0.532045988412154,0.361921189345595,0.0419144074017351,8.6347681329884,0,"group"
"sub30","X3","~","X2",0.132148904553521,0.113626920446294,0.0392754739962014,2.89307572601884,0.00381489308347582,"group"
"sub30","X1","~","X3lag",0.207257318371881,0.293703692276416,0.066146513101839,4.44019916551354,8.98756614819973e-06,"ind"
"sub31","X1","~","X1lag",0.81602778706359,0.822569992465331,0.0229237019089585,35.882947515727,0,"group"
"sub31","X2","~","X2lag",0.493892086659818,0.501423901629322,0.037474795316404,13.3802972743611,0,"group"
"sub31","X3","~","X3lag",0.488113295583216,0.497324531992615,0.052358167679825,9.49850909668574,0,"group"
"sub31","X4","~","X4lag",0.65462040806722,0.666562460995254,0.0393205269518876,16.9520225863416,0,"group"
"sub31","X2","~","X1",0.608304250654736,0.508400004936333,0.0373965699763572,13.5948298268465,0,"group"
"sub31","X3","~","X4",0.361670170681098,0.401549804602776,0.0536921080955088,7.47874909080659,7.50510764646606e-14,"group"
"sub31","X4","~","X1",0.439310285336741,0.324340915844922,0.0441030007454291,7.35416888562933,1.92068583260152e-13,"group"
"sub31","X3","~","X2",0.0843522669296959,0.0827311685924902,0.0471931341035584,1.75303399877933,0.0795961713532989,"group"
"sub32","X1","~","X1lag",0.873058622193288,0.878580282336112,0.0161693436264941,54.3361748399313,0,"group"
"sub32","X2","~","X2lag",0.529773157435834,0.536997415611092,0.0451527860822575,11.8928965896548,0,"group"
"sub32","X3","~","X3lag",0.423657785143162,0.433211276738737,0.0512785214630373,8.448201398533,0,"group"
"sub32","X4","~","X4lag",0.6796043335314,0.689309986178094,0.0374783893321351,18.3921987700539,0,"group"
"sub32","X2","~","X1",0.530374429218166,0.451346194427399,0.0459696460021085,9.81835262352677,0,"group"
"sub32","X3","~","X4",0.392159236563508,0.379841229789346,0.0524355692675989,7.24396120982057,4.35873559467836e-13,"group"
"sub32","X4","~","X1",0.440734112623572,0.315998505583107,0.0406087377650358,7.78153971225333,7.105427357601e-15,"group"
"sub32","X3","~","X2",0.237319969832368,0.193666763364049,0.0413922061938105,4.67882196124662,2.88527835756724e-06,"group"
"sub33","X1","~","X1lag",0.558313033504404,0.566164402031643,0.0481654977649015,11.7545635009343,0,"group"
"sub33","X2","~","X2lag",0.515149801017488,0.520025209907918,0.0440272480166701,11.8114402633346,0,"group"
"sub33","X3","~","X3lag",0.473640064284212,0.488197985825194,0.0514342312264701,9.49169403690724,0,"group"
"sub33","X4","~","X4lag",0.613315434844,0.620957430975884,0.0420757948895854,14.758067734796,0,"group"
"sub33","X2","~","X1",0.569622141197365,0.420755589738932,0.0463148440157988,9.08468113582342,0,"group"
"sub33","X3","~","X4",0.298050022777912,0.29796639984012,0.0537890765626272,5.53953365407184,3.03278162583354e-08,"group"
"sub33","X4","~","X1",0.278709027041484,0.221758149261461,0.0514985590101064,4.30610396725745,1.66154987557565e-05,"group"
"sub33","X3","~","X2",0.205985645704781,0.221819954783372,0.0477185404789202,4.6485066927259,3.3434677495503e-06,"group"
"sub34","X1","~","X1lag",0.660115516371231,0.697672347270959,0.0363835624020085,19.1754820367025,0,"group"
"sub34","X2","~","X2lag",0.60137501405457,0.60863057662996,0.0416767022239555,14.6036165087967,0,"group"
"sub34","X3","~","X3lag",0.532211536537445,0.544806768382292,0.0503728560385374,10.8154830046859,0,"group"
"sub34","X4","~","X4lag",0.660258977948521,0.687035328491246,0.0348461234051367,19.7162628537891,0,"group"
"sub34","X2","~","X1",0.458749809665438,0.337511798392494,0.0472287708799721,7.1463176386752,8.91287044169076e-13,"group"
"sub34","X3","~","X4",0.23105357737358,0.230494267486864,0.0547340406538905,4.2111684928286,2.54053163426526e-05,"group"
"sub34","X4","~","X1",0.377890533715273,0.300773093716495,0.0436960346721017,6.883304079501,5.84798875991055e-12,"group"
"sub34","X3","~","X2",0.202814353945623,0.218879973897183,0.0468842647633779,4.66851671881508,3.03382093336246e-06,"group"
"sub35","X1","~","X1lag",0.765983192823602,0.787643199322321,0.026910413959977,29.2690852133958,0,"group"
"sub35","X2","~","X2lag",0.475750172030195,0.478093957738063,0.0467470336989227,10.2272576441376,0,"group"
"sub35","X3","~","X3lag",0.452165163084447,0.463540028952287,0.052866399883975,8.76814063317363,0,"group"
"sub35","X4","~","X4lag",0.630034996643829,0.649034196539814,0.0474088529961606,13.6901476311265,0,"group"
"sub35","X2","~","X1",0.229924102840087,0.193671520325905,0.0542204808879137,3.57192553725721,0.000354366177809595,"group"
"sub35","X3","~","X4",0.281337856272765,0.27339942520953,0.050701699836255,5.39231280395912,6.95565463004755e-08,"group"
"sub35","X4","~","X1",0.316231955370701,0.276780495017641,0.0545156891891762,5.07707962853002,3.83280271076814e-07,"group"
"sub35","X3","~","X2",0.272960000583922,0.275623917225503,0.0464418014967817,5.93482398060297,2.94160917846398e-09,"group"
"sub35","X2","~","X1lag",0.362699667599785,0.314151187652869,0.0613544838050823,5.12026453764812,3.05107355824674e-07,"ind"
"sub36","X1","~","X1lag",0.675209526063018,0.672128975982935,0.0388638782757234,17.2944390988067,0,"group"
"sub36","X2","~","X2lag",0.530314989498485,0.538238487444738,0.0491831385572755,10.943557146479,0,"group"
"sub36","X3","~","X3lag",0.341165463070381,0.353011069601162,0.0520809193810002,6.77812668817719,1.21744836434345e-11,"group"
"sub36","X4","~","X4lag",0.630174657502859,0.636253971367921,0.0388811127161507,16.3640885489275,0,"group"
"sub36","X2","~","X1",0.41173572779873,0.347044308521261,0.0534758586412873,6.48973793668676,8.59858850787987e-11,"group"
"sub36","X3","~","X4",0.318557695036955,0.351012132670783,0.0527269620760531,6.65716587586603,2.79158918203848e-11,"group"
"sub36","X4","~","X1",0.441966106911591,0.327806345403357,0.0451852951367706,7.25471294170206,4.02566868729082e-13,"group"
"sub36","X3","~","X2",0.315917943569795,0.30631646338387,0.0491107449032109,6.23725956483796,4.45302683615978e-10,"group"
"sub37","X1","~","X1lag",0.835691502707967,0.83065365427443,0.0219763409910004,37.7976322179655,0,"group"
"sub37","X2","~","X2lag",0.560782834657957,0.57549513813262,0.0403868239311997,14.2495765231006,0,"group"
"sub37","X3","~","X3lag",0.446691590300208,0.464795234888156,0.0565147297815057,8.2243202203235,2.22044604925031e-16,"group"
"sub37","X4","~","X4lag",0.598127963443035,0.606418158275568,0.0414468442632035,14.6312263106107,0,"group"
"sub37","X2","~","X1",0.528083852388541,0.409261410533388,0.0424254756731738,9.64659568430412,0,"group"
"sub37","X3","~","X4",0.245746604967932,0.274911428046756,0.0573109603819928,4.79683861890289,1.61189361325142e-06,"group"
"sub37","X4","~","X1",0.446054589675834,0.370438713881227,0.0446256070738239,8.30103472359295,0,"group"
"sub37","X3","~","X2",0.206803003107242,0.247909149121068,0.052323512606665,4.73800662017269,2.15830763283797e-06,"group"
"sub38","X1","~","X1lag",0.832041482640726,0.826589753299506,0.0224537667515301,36.8129660580525,0,"group"
"sub38","X2","~","X2lag",0.598558789303176,0.610494704050765,0.0404848926867428,15.0795682916724,0,"group"
"sub38","X3","~","X3lag",0.415571414661961,0.42304113986458,0.0516332217990501,8.19319664984303,2.22044604925031e-16,"group"
"sub38","X4","~","X4lag",0.688695857152734,0.696248557718572,0.0384340094334579,18.1154287044658,0,"group"
"sub38","X2","~","X1",0.482029630172891,0.385684854805864,0.0432542006859128,8.91670285636501,0,"group"
"sub38","X3","~","X4",0.334521532611525,0.309294492577726,0.0514171226777454,6.01539869347057,1.79444503700665e-09,"group"
"sub38","X4","~","X1",0.404268842744451,0.300291134242163,0.0433818936927162,6.92203840545075,4.45199432874688e-12,"group"
"sub38","X3","~","X2",0.322024306964323,0.276407709493151,0.0463470461731182,5.96386894777926,2.46334330711306e-09,"group"
"sub39","X1","~","X1lag",0.557927584970782,0.588680797320409,0.0463222174259621,12.7083898403895,0,"group"
"sub39","X2","~","X2lag",0.555046551437801,0.561678230399623,0.0425369822038968,13.2044682367751,0,"group"
"sub39","X3","~","X3lag",0.40105870617959,0.42193073639966,0.0585563335611485,7.20555251224962,5.77982106619856e-13,"group"
"sub39","X4","~","X4lag",0.474471416173942,0.492271968244099,0.0592404554020833,8.30972626565574,0,"group"
"sub39","X2","~","X1",0.50647824187615,0.400174832670048,0.0461477935963712,8.6715918895311,0,"group"
"sub39","X3","~","X4",0.226369170697849,0.222977932997003,0.0581309752009919,3.83578517693952,0.000125163777849657,"group"
"sub39","X4","~","X1",0.239388125663704,0.191201149970181,0.0546444952707336,3.49900111663369,0.000467004625363199,"group"
"sub39","X3","~","X2",0.296086955219888,0.294823974094048,0.0530782767355907,5.55451292367144,2.78386917962337e-08,"group"
"sub39","X4","~","X3lag",0.230689047070653,0.246385749143591,0.060550404380396,4.06910162970541,4.7194759240643e-05,"ind"
"sub4","X1","~","X1lag",0.528558446266085,0.547819310386895,0.0525707627485231,10.4206079909367,0,"group"
"sub4","X2","~","X2lag",0.600129185650691,0.626822250741375,0.0361030864758275,17.362012834029,0,"group"
"sub4","X3","~","X3lag",0.507768859378452,0.532250620576277,0.0475187382475954,11.2008576028049,0,"group"
"sub4","X4","~","X4lag",0.704995138477981,0.70895122386843,0.040046573178442,17.7031682763327,0,"group"
"sub4","X2","~","X1",0.511841764760335,0.363132634104731,0.0402984919986903,9.01107252639956,0,"group"
"sub4","X3","~","X4",0.289648575316537,0.277622971100755,0.0549954798837038,5.04810525679258,4.46213301641407e-07,"group"
"sub4","X4","~","X1",0.200524659276012,0.170452462471411,0.0510988254269827,3.33574130221404,0.000850722883004362,"group"
"sub4","X3","~","X2",0.152365181891516,0.17497486546866,0.0492040479894036,3.55610712164052,0.00037639065724937,"group"
"sub4","X1","~","X3",0.221105578394258,0.271381479704446,0.0591316117736725,4.5894483773445,4.4441888606972e-06,"ind"
"sub40","X1","~","X1lag",0.778391641220387,0.776311285946056,0.0281667515709845,27.5612643506169,0,"group"
"sub40","X2","~","X2lag",0.56680829275263,0.584040651278087,0.0409718742973924,14.2546725355754,0,"group"
"sub40","X3","~","X3lag",0.407729976440578,0.420631969633908,0.0621859331365342,6.7641015969058,1.34139366281261e-11,"group"
"sub40","X4","~","X4lag",0.604953730540191,0.623579699478085,0.0414437555863053,15.0464090586458,0,"group"
"sub40","X2","~","X1",0.523998379697437,0.412819072396406,0.0434425377409174,9.5026463430469,0,"group"
"sub40","X3","~","X4",0.257910081375052,0.267060524557806,0.0574132030093475,4.65155244019961,3.2944547263547e-06,"group"
"sub40","X4","~","X1",0.359357274508742,0.341203448592009,0.0464873201810326,7.33970999539835,2.1405099914773e-13,"group"
"sub40","X3","~","X2",0.234389079585885,0.292506764822993,0.0547608065344151,5.34153500166518,9.21628160455157e-08,"group"
"sub41","X1","~","X1lag",0.634664189702373,0.663466262448504,0.039684064328177,16.7187074630716,0,"group"
"sub41","X2","~","X2lag",0.546586446059949,0.564121687401619,0.0442748784564371,12.7413492045307,0,"group"
"sub41","X3","~","X3lag",0.396964393461488,0.408939204007839,0.0543823838007863,7.51969986284283,5.48450174164827e-14,"group"
"sub41","X4","~","X4lag",0.577718615099052,0.594904590637848,0.0445807966297985,13.3444136402041,0,"group"
"sub41","X2","~","X1",0.462807937917251,0.397050599280323,0.0480503286081752,8.26322339058405,2.22044604925031e-16,"group"
"sub41","X3","~","X4",0.26342467812482,0.265300275955659,0.0579997941835005,4.57415892056959,4.78136824466624e-06,"group"
"sub41","X4","~","X1",0.357354294179541,0.326347003719478,0.0503757984904293,6.47824974489446,9.27926624427755e-11,"group"
"sub41","X3","~","X2",0.277919272496921,0.297944570595316,0.0537939451177058,5.53862651165271,3.04852989518878e-08,"group"
"sub42","X1","~","X1lag",0.595962643874509,0.597205540880852,0.0456055522002948,13.0950183051833,0,"group"
"sub42","X2","~","X2lag",0.517946454585341,0.528376919799938,0.0448439821397535,11.7825602140614,0,"group"
"sub42","X3","~","X3lag",0.440168807433302,0.472956022762519,0.0474892205492251,9.95922900592304,0,"group"
"sub42","X4","~","X4lag",0.510433179548294,0.515639521204866,0.0484725113818775,10.6377719351601,0,"group"
"sub42","X2","~","X1",0.497479027193829,0.418311381470977,0.0473109445303018,8.84174656887385,0,"group"
"sub42","X3","~","X4",0.309683411638117,0.301754192145466,0.0511392835659783,5.90063393743387,3.62107521745259e-09,"group"
"sub42","X4","~","X1",0.411520574108804,0.348590729852898,0.0523295450327695,6.66145156879551,2.71136446627906e-11,"group"
"sub42","X3","~","X2",0.243009538617726,0.238538270752528,0.0483107508367429,4.93758152421648,7.90973447184484e-07,"group"
"sub43","X1","~","X1lag",0.45804119423691,0.451417426011734,0.0639321865119779,7.06087888808808,1.65445435129641e-12,"group"
"sub43","X2","~","X2lag",0.606496193471162,0.626433435352226,0.0372537836032612,16.8152969916696,0,"group"
"sub43","X3","~","X3lag",0.568357473817766,0.567244211071953,0.0477242791778817,11.8858623083164,0,"group"
"sub43","X4","~","X4lag",0.728483608727137,0.723009739044785,0.0332612308541508,21.7373115930422,0,"group"
"sub43","X2","~","X1",0.494205589493804,0.364211151189672,0.0407508730971907,8.9375054694173,0,"group"
"sub43","X3","~","X4",0.332757756770556,0.304810139489069,0.0461438575056207,6.60564928824905,3.95778965156524e-11,"group"
"sub43","X4","~","X1",0.426700399015172,0.258405692260603,0.0387076551721774,6.67582913796189,2.45838904788798e-11,"group"
"sub43","X3","~","X2",0.178003302455983,0.133987018473885,0.0378685180751844,3.53821657895,0.000402839489836992,"group"
"sub43","X1","~","X3",0.225924815235363,0.407271187356002,0.0661046105656701,6.16101031185121,7.22822912635479e-10,"ind"
"sub44","X1","~","X1lag",0.752263555007002,0.757943383343438,0.0301644267808375,25.1270607212379,0,"group"
"sub44","X2","~","X2lag",0.569778992718615,0.57247146538831,0.0401265773357832,14.2666408001313,0,"group"
"sub44","X3","~","X3lag",0.409973513711246,0.4302969436588,0.0550559661576448,7.81562787267609,5.55111512312578e-15,"group"
"sub44","X4","~","X4lag",0.684110831509255,0.695670849241833,0.0329894459290214,21.0876790940535,0,"group"
"sub44","X2","~","X1",0.480996147189557,0.406527036103211,0.0428516823292098,9.48683958263411,0,"group"
"sub44","X3","~","X4",0.283363166897359,0.296813842488272,0.057711611560473,5.14305240250061,2.70310184458111e-07,"group"
"sub44","X4","~","X1",0.3867698358521,0.304222439756748,0.0390976943542207,7.78108389207116,7.105427357601e-15,"group"
"sub44","X3","~","X2",0.274398193607958,0.267493242025209,0.0511075526386143,5.23392782895858,1.65945268859602e-07,"group"
"sub45","X1","~","X1lag",0.702416037086163,0.704854121154058,0.0356695345943838,19.7606761391566,0,"group"
"sub45","X2","~","X2lag",0.583654351476242,0.58829755468892,0.0418666891508445,14.051685638893,0,"group"
"sub45","X3","~","X3lag",0.508254478657694,0.509968053205335,0.0466169159216835,10.9395493700631,0,"group"
"sub45","X4","~","X4lag",0.640473177776121,0.641646467193319,0.0374007823648675,17.1559637692513,0,"group"
"sub45","X2","~","X1",0.479744055346679,0.381694260543774,0.0457916639030564,8.33545296261438,0,"group"
"sub45","X3","~","X4",0.268051965448327,0.275231467360995,0.0526291118065791,5.22964302290559,1.69837666375017e-07,"group"
"sub45","X4","~","X1",0.366791782777267,0.301746784933938,0.0442839335540243,6.81391106699726,9.49795797566821e-12,"group"
"sub45","X3","~","X2",0.217592269626435,0.231014679779351,0.0421869972645047,5.47596877613572,4.35124416497956e-08,"group"
"sub46","X1","~","X1lag",0.528990399064028,0.564686662451025,0.0482839648408313,11.695117919842,0,"group"
"sub46","X2","~","X2lag",0.476787411778359,0.474447066979071,0.0469083788073622,10.1143352006999,0,"group"
"sub46","X3","~","X3lag",0.41850151406991,0.431436701863097,0.0525322588949545,8.21279554579622,2.22044604925031e-16,"group"
"sub46","X4","~","X4lag",0.704996976636363,0.706689336028305,0.0357982000244898,19.7409181340082,0,"group"
"sub46","X2","~","X1",0.237077235950626,0.199651480755009,0.0522644378543492,3.8200254121435,0.000133437925383229,"group"
"sub46","X3","~","X4",0.338558595396833,0.366663585454244,0.0555792805643005,6.59712723395268,4.19200230084016e-11,"group"
"sub46","X4","~","X1",0.0904181961487413,0.0791861211882434,0.0502028317131364,1.57732379800247,0.114721039262283,"group"
"sub46","X3","~","X2",0.168150683052207,0.189383929667878,0.0485948668232195,3.89720030218061,9.73111320918818e-05,"group"
"sub46","X2","~","X1lag",0.346542546576794,0.311529360138229,0.0575601079100958,5.41224419913898,6.22397300364952e-08,"ind"
"sub47","X1","~","X1lag",0.718956333022865,0.726707120231668,0.0334518662075504,21.7239634919873,0,"group"
"sub47","X2","~","X2lag",0.579148688427096,0.595894715570024,0.0444325790286638,13.4112115163427,0,"group"
"sub47","X3","~","X3lag",0.438636449489711,0.457411442038481,0.0510098400137746,8.9671216752486,0,"group"
"sub47","X4","~","X4lag",0.630219798068455,0.639097511614785,0.0400941632011025,15.9399139572817,0,"group"
"sub47","X2","~","X1",0.435740958384136,0.345021503116148,0.0492971554640931,6.99881159202895,2.58149057685841e-12,"group"
"sub47","X3","~","X4",0.32769264016324,0.335085011212476,0.051331803983898,6.52782456890832,6.67317312519344e-11,"group"
"sub47","X4","~","X1",0.378151186168208,0.311063028683397,0.0467422198175108,6.65486213316007,2.8356650361161e-11,"group"
"sub47","X3","~","X2",0.207873556852996,0.220827274370875,0.0477180658011639,4.62774990275253,3.69660040111519e-06,"group"
"sub48","X1","~","X1lag",0.751211464568043,0.74916832700856,0.0311019276309746,24.0875207446132,0,"group"
"sub48","X2","~","X2lag",0.545200642992714,0.562470632170778,0.044131654772826,12.7452875960844,0,"group"
"sub48","X3","~","X3lag",0.479083151260349,0.494043111879476,0.0466061115329631,10.6003932881218,0,"group"
"sub48","X4","~","X4lag",0.736928178464577,0.753371359900321,0.0336839788725262,22.3658660620642,0,"group"
"sub48","X2","~","X1",0.470909671776925,0.401926602533149,0.0470574578514209,8.54118817472443,0,"group"
"sub48","X3","~","X4",0.362691862704312,0.332686817345905,0.0462651173980842,7.19087805361717,6.43707309677666e-13,"group"
"sub48","X4","~","X1",0.307210264170123,0.232763917756767,0.0423858103579624,5.49155285202754,3.98415056501733e-08,"group"
"sub48","X3","~","X2",0.24869456843211,0.20250459192397,0.038049561925759,5.32212676506211,1.02561059645012e-07,"group"
"sub49","X1","~","X1lag",0.589575804797101,0.587486742310666,0.0464217579174533,12.6554178184146,0,"group"
"sub49","X2","~","X2lag",0.530876723656363,0.535357995724502,0.0473974548322011,11.2950789788144,0,"group"
"sub49","X3","~","X3lag",0.470340144188738,0.48841029231154,0.0531168038337668,9.19502411779251,0,"group"
"sub49","X4","~","X4lag",0.581963562609578,0.593560959751884,0.0434383724740231,13.6644382822318,0,"group"
"sub49","X2","~","X1",0.235101410565297,0.175398040861302,0.0545630346139389,3.21459468122204,0.00130628827194479,"group"
"sub49","X3","~","X4",0.266768891793139,0.254819246653797,0.0519516655797793,4.90492929937897,9.34609972524925e-07,"group"
"sub49","X4","~","X1",0.337973637889652,0.282363778522592,0.0508335423757291,5.55467443987161,2.78129641539948e-08,"group"
"sub49","X3","~","X2",0.226951004010234,0.242764850548638,0.052147784604927,4.65532433233417,3.23471102259276e-06,"group"
"sub49","X2","~","X1lag",0.330057736375011,0.245367952025978,0.0580362867673795,4.22783685333728,2.35948772895345e-05,"ind"
"sub5","X1","~","X1lag",0.859465670395929,0.860206336822631,0.0184341055644931,46.6638499933254,0,"group"
"sub5","X2","~","X2lag",0.59465171011417,0.599781113330759,0.0400260314378759,14.9847759516622,0,"group"
"sub5","X3","~","X3lag",0.468277114945345,0.48272436573861,0.0520533934866456,9.27363872755872,0,"group"
"sub5","X4","~","X4lag",0.728239337688397,0.736676977494764,0.0339494768197068,21.6992144358214,0,"group"
"sub5","X2","~","X1",0.508220548923547,0.397378053422968,0.0420424333572555,9.45183286719511,0,"group"
"sub5","X3","~","X4",0.357802630033241,0.383849653338231,0.0527267992331255,7.27997259308466,3.33955085807247e-13,"group"
"sub5","X4","~","X1",0.442847741660454,0.270830493100957,0.0382666049287445,7.07746332880237,1.46815892776431e-12,"group"
"sub5","X3","~","X2",0.159454635310133,0.133796958745092,0.0427066367226308,3.13293129623084,0.00173069948005078,"group"
"sub50","X1","~","X1lag",0.537509583517883,0.542656239456618,0.0500132760424451,10.8502438231816,0,"group"
"sub50","X2","~","X2lag",0.556068189588553,0.575785171356594,0.0438159744520335,13.1409874722042,0,"group"
"sub50","X3","~","X3lag",0.462943166933944,0.485955610035726,0.0485227955177133,10.0149961446126,0,"group"
"sub50","X4","~","X4lag",0.450382799321249,0.47753803500208,0.0522270262862633,9.14350421532006,0,"group"
"sub50","X2","~","X1",0.508810315601255,0.373966968346159,0.0486015594463167,7.6945466895816,1.4210854715202e-14,"group"
"sub50","X3","~","X4",0.247015525190355,0.257884279495693,0.0532661059880265,4.84143292835527,1.28906186125377e-06,"group"
"sub50","X4","~","X1",0.416059572481396,0.361957876065381,0.0550192514223858,6.57874955961525,4.74420502882822e-11,"group"
"sub50","X3","~","X2",0.204643504522557,0.252885401761451,0.0518933443987034,4.87317602462656,1.09818291860186e-06,"group"
"sub51","X1","~","X1lag",0.835002698997789,0.840442901513807,0.0208167136008499,40.373467091342,0,"group"
"sub51","X2","~","X2lag",0.600769098386013,0.612993699746301,0.0416191190415234,14.7286562969946,0,"group"
"sub51","X3","~","X3lag",0.531390496492917,0.540172291105329,0.0487616894563435,11.0778009771164,0,"group"
"sub51","X4","~","X4lag",0.687551838045577,0.701339792786982,0.0320250307295341,21.8997383237541,0,"group"
"sub51","X2","~","X1",0.457402607075196,0.382358236126616,0.0442215403705843,8.64642508882293,0,"group"
"sub51","X3","~","X4",0.304645210646813,0.315509066781197,0.0494177084717377,6.38453454315143,1.7191958967544e-10,"group"
"sub51","X4","~","X1",0.541053736275974,0.32076906629668,0.0355028571803522,9.03502117216071,0,"group"
"sub51","X3","~","X2",0.212441190155186,0.156040193666938,0.0336489634285997,4.6372957074307,3.5299722194182e-06,"group"
"sub52","X1","~","X1lag",0.563524257270451,0.561950102551751,0.0545005165139719,10.3109133361642,0,"group"
"sub52","X2","~","X2lag",0.573950034861217,0.567356446755786,0.0416391146459574,13.6255646062558,0,"group"
"sub52","X3","~","X3lag",0.458634104777196,0.468081306079516,0.0411003843540969,11.3887330601778,0,"group"
"sub52","X4","~","X4lag",0.734889216848978,0.747994272038871,0.0344684394288977,21.7008453075414,0,"group"
"sub52","X2","~","X1",0.482533453214185,0.390397333586707,0.0440993503667102,8.85267765489376,0,"group"
"sub52","X3","~","X4",0.401087009726663,0.373213027038023,0.0454560785834889,8.21040966726914,2.22044604925031e-16,"group"
"sub52","X4","~","X1",0.336081320888882,0.219922351489377,0.0414943640383653,5.30005355151458,1.15768719499698e-07,"group"
"sub52","X3","~","X2",0.257390615818296,0.193711982961218,0.0379820284579175,5.1000957775555,3.39481651900897e-07,"group"
"sub52","X1","~","X3lag",0.176078617914189,0.295133411580951,0.0582794193157832,5.06411036770614,4.10311898679794e-07,"ind"
"sub53","X1","~","X1lag",0.403241510569318,0.419430712782973,0.0527810527376221,7.94661513986826,1.99840144432528e-15,"group"
"sub53","X2","~","X2lag",0.610057435523708,0.61151740242547,0.0382817935242966,15.9741053416777,0,"group"
"sub53","X3","~","X3lag",0.528678869134325,0.530208265710829,0.0543673058281086,9.7523365860205,0,"group"
"sub53","X4","~","X4lag",0.774528977963599,0.760883550545322,0.037566614265959,20.2542487635037,0,"group"
"sub53","X2","~","X1",0.461767014530686,0.340058936146897,0.0435728481658525,7.80437704812231,5.99520433297585e-15,"group"
"sub53","X3","~","X4",0.323408478601657,0.320232897940258,0.0548746120162865,5.83572049393651,5.35586153205259e-09,"group"
"sub53","X4","~","X1",0.142034828760467,0.10995330899247,0.049190510801856,2.23525446676844,0.0254006475202766,"group"
"sub53","X3","~","X2",0.122698914378709,0.127713683501074,0.0504902638896112,2.5294714993033,0.0114234451334079,"group"
"sub53","X1","~","X3",0.348716365919825,0.454929745678324,0.0537185144751165,8.46877003438091,0,"ind"
"sub54","X1","~","X1lag",0.848531355867022,0.865861541107208,0.0177421496393495,48.8025159694773,0,"group"
"sub54","X2","~","X2lag",0.65697362369892,0.668064723099612,0.0381485704531035,17.5121823744581,0,"group"
"sub54","X3","~","X3lag",0.50264394932921,0.51734334386045,0.046949934409893,11.0190429520907,0,"group"
"sub54","X4","~","X4lag",0.650844359605572,0.670546945759404,0.0394126591157664,17.0134916243488,0,"group"
"sub54","X2","~","X1",0.438943970798647,0.335110400002792,0.0415143389270011,8.07216033457864,6.66133814775094e-16,"group"
"sub54","X3","~","X4",0.313103001422791,0.299005818387463,0.0487849646647176,6.12905677891595,8.84015749491596e-10,"group"
"sub54","X4","~","X1",0.464976505894333,0.337767310920864,0.0431802365231705,7.82226634491959,5.10702591327572e-15,"group"
"sub54","X3","~","X2",0.217401084808693,0.197543117835214,0.0392843367836333,5.02854659156458,4.94211438883951e-07,"group"
"sub55","X1","~","X1lag",0.515744816444343,0.53389947452362,0.055599937385352,9.60251934859692,0,"group"
"sub55","X2","~","X2lag",0.588266031330407,0.592015484764168,0.0425248935728468,13.9216217848969,0,"group"
"sub55","X3","~","X3lag",0.439757130835395,0.447065061165975,0.0495326362714862,9.0256666072775,0,"group"
"sub55","X4","~","X4lag",0.653292781394814,0.687927198815739,0.0374836395575814,18.3527322035781,0,"group"
"sub55","X2","~","X1",0.448497353609727,0.362979949533682,0.046043567058295,7.88340201952901,3.10862446895044e-15,"group"
"sub55","X3","~","X4",0.295264167042563,0.309944917696248,0.0493491110231128,6.28065858270646,3.37141869977131e-10,"group"
"sub55","X4","~","X1",0.32579751420832,0.262967732835824,0.0436835506205163,6.01983421906917,1.74595804480759e-09,"group"
"sub55","X3","~","X2",0.243135329315094,0.254538680814327,0.0444499053373422,5.72641671298431,1.02574084781537e-08,"group"
"sub55","X1","~","X3lag",0.263542745789721,0.31621352086099,0.0587498325488178,5.38237314290613,7.35101810533934e-08,"ind"
"sub56","X1","~","X1lag",0.514529258852455,0.564731937586351,0.044331815850971,12.7387504153855,0,"group"
"sub56","X2","~","X2lag",0.595498797255089,0.598213657099314,0.0364121540673756,16.428955452413,0,"group"
"sub56","X3","~","X3lag",0.518980880986621,0.54329943938805,0.048641022756197,11.1695726899335,0,"group"
"sub56","X4","~","X4lag",0.638127149525636,0.640555041418165,0.0384418677480809,16.6629531534701,0,"group"
"sub56","X2","~","X1",0.485895670354174,0.383073834707169,0.0393306199794409,9.73983717793953,0,"group"
"sub56","X3","~","X4",0.293640219427981,0.27817919420126,0.0582578607655612,4.77496410863242,1.79739307726301e-06,"group"
"sub56","X4","~","X1",0.370686363685874,0.3066559124624,0.044263919244857,6.92789788373813,4.27147206494283e-12,"group"
"sub56","X3","~","X2",0.173237353762514,0.17220902920932,0.0432694971029465,3.97991751093389,6.89391853336829e-05,"group"
"sub56","X1","~","X3",0.274260181960514,0.349952356704678,0.0496198059740396,7.05267483084814,1.75504055732745e-12,"ind"
"sub57","X1","~","X1lag",1.03458195940339,0.999942584121089,0,NA,NA,"group"
"sub57","X2","~","X2lag",0.612090819769187,0.591640615518192,0.0423305789383385,13.9766719557513,0,"group"
"sub57","X3","~","X3lag",0.556987243180332,0.53823552948957,0.0417054927224176,12.9056269175848,0,"group"
"sub57","X4","~","X4lag",0.748257298764715,0.723160794799082,0.0372881564755973,19.3938468176174,0,"group"
"sub57","X2","~","X1",0.46674016994539,0.408361144461475,0.0423315426239098,9.64673430613,0,"group"
"sub57","X3","~","X4",0.330444719622218,0.304983776317188,0.0428532520191147,7.11693423362945,1.10356168647741e-12,"group"
"sub57","X4","~","X1",0.456316678573012,0.27684529250747,0.0372899930158325,7.42411757465139,1.13464793116691e-13,"group"
"sub57","X3","~","X2",0.244981950660389,0.156788273445026,0.0306019267139777,5.12347718855923,2.99951949722654e-07,"group"
"sub58","X1","~","X1lag",0.767733806821012,0.760884800065882,0.0298477464121913,25.4922026459961,0,"group"
"sub58","X2","~","X2lag",0.606519635378884,0.612492984931398,0.0375881438857534,16.294845172271,0,"group"
"sub58","X3","~","X3lag",0.411267188020221,0.41749962900151,0.0509556196561612,8.19339715263435,2.22044604925031e-16,"group"
"sub58","X4","~","X4lag",0.663749986685641,0.692127929971345,0.0365669545711789,18.9276886218154,0,"group"
"sub58","X2","~","X1",0.465121710189858,0.389969704953937,0.0409396862355477,9.52546882529179,0,"group"
"sub58","X3","~","X4",0.331579002933819,0.352240370461494,0.0512494826097099,6.87305222462397,6.28430640858824e-12,"group"
"sub58","X4","~","X1",0.406617634632437,0.308546303266314,0.0428977538967642,7.19259810219546,6.35713703900365e-13,"group"
"sub58","X3","~","X2",0.254965494950753,0.245133912816017,0.0439593647016579,5.57637523835216,2.45581897040381e-08,"group"
"sub59","X1","~","X1lag",0.88686339351475,0.88648539651081,0.0151802393484291,58.3973266931755,0,"group"
"sub59","X2","~","X2lag",0.558175774149172,0.564834309860518,0.0406138046303056,13.9074463720408,0,"group"
"sub59","X3","~","X3lag",0.375536794415341,0.382271768245873,0.0449127040371019,8.51143961249988,0,"group"
"sub59","X4","~","X4lag",0.574481710343349,0.581406423425091,0.0403970875501297,14.3922856493951,0,"group"
"sub59","X2","~","X1",0.552547600630739,0.430874216091721,0.0417347436007936,10.3241131708672,0,"group"
"sub59","X3","~","X4",0.399679941225253,0.404391916625389,0.0435307607114963,9.28979668665865,0,"group"
"sub59","X4","~","X1",0.589963083618268,0.418960240159887,0.0416959548392472,10.047982874481,0,"group"
"sub59","X3","~","X2",0.243890133888077,0.22472506214815,0.0415472622344887,5.40890181595658,6.34123802356612e-08,"group"
"sub6","X1","~","X1lag",0.672549442737849,0.713381000219451,0.0348122712378284,20.4922280234409,0,"group"
"sub6","X2","~","X2lag",0.49001444436931,0.533391319694315,0.0419134214770896,12.7260266734815,0,"group"
"sub6","X3","~","X3lag",0.416340142344816,0.431721135871535,0.0543854278977859,7.93817668738266,1.99840144432528e-15,"group"
"sub6","X4","~","X4lag",0.589458994154155,0.604064738231409,0.0415567161633216,14.5359112557735,0,"group"
"sub6","X2","~","X1",0.528319337696464,0.473448544268964,0.043252615501834,10.9461251944149,0,"group"
"sub6","X3","~","X4",0.382790851981888,0.343951466189182,0.057880307941712,5.94246088903942,2.80774670180506e-09,"group"
"sub6","X4","~","X1",0.394708292125389,0.375272520338381,0.0462351496839349,8.11660658403308,4.44089209850063e-16,"group"
"sub6","X3","~","X2",0.201729056721859,0.192308423588648,0.0534262249163552,3.59951360759119,0.000318812950647507,"group"
"sub60","X1","~","X1lag",0.71286452481808,0.716266685207703,0.0345198145040971,20.7494360991624,0,"group"
"sub60","X2","~","X2lag",0.53708903505692,0.539564718288576,0.0443235974022624,12.1733060922766,0,"group"
"sub60","X3","~","X3lag",0.532214360827624,0.546074514704934,0.0499204082602365,10.9389032208677,0,"group"
"sub60","X4","~","X4lag",0.754829480476612,0.796924731868164,0.0275581758589563,28.9179057404544,0,"group"
"sub60","X2","~","X1",0.230710747697364,0.180973087400714,0.0516010151221084,3.50716137991587,0.000452914383133995,"group"
"sub60","X3","~","X4",0.29246707603417,0.303283637866288,0.0494529478070828,6.13277168126369,8.636105164328e-10,"group"
"sub60","X4","~","X1",0.293202492655266,0.188828089627691,0.0394965971150975,4.78086983234085,1.74538351238596e-06,"group"
"sub60","X3","~","X2",0.186391249769742,0.158690266798338,0.0448243451093473,3.54026961043644,0.000399718461372212,"group"
"sub60","X2","~","X1lag",0.347925709785143,0.274220829163533,0.056564850482339,4.84790160011388,1.24774260146232e-06,"ind"
"sub61","X1","~","X1lag",0.62412840834602,0.63321426310712,0.0424647915393475,14.911512341239,0,"group"
"sub61","X2","~","X2lag",0.422579267415169,0.423038336119519,0.0517597087591686,8.17312048813611,2.22044604925031e-16,"group"
"sub61","X3","~","X3lag",0.439560913425413,0.483258723018986,0.0521195510385021,9.27211983583646,0,"group"
"sub61","X4","~","X4lag",0.651593613193241,0.660836991182937,0.0385539065185305,17.1405974350566,0,"group"
"sub61","X2","~","X1",0.314810111263262,0.252683781896474,0.0559347685778951,4.517472554563,6.25821365085599e-06,"group"
"sub61","X3","~","X4",0.270814703075917,0.256845077731251,0.0525989045902927,4.88308796032708,1.04437254266898e-06,"group"
"sub61","X4","~","X1",0.313395938619444,0.252627651106288,0.0481305032913346,5.24880551481311,1.53088588472627e-07,"group"
"sub61","X3","~","X2",0.283581606515587,0.270107032040581,0.0480324117106298,5.62343264518623,1.87199773460378e-08,"group"
"sub61","X2","~","X1lag",0.340735765619988,0.277474549870318,0.0629951574606468,4.40469650454731,1.0593207919074e-05,"ind"
"sub62","X1","~","X1lag",0.680079371218097,0.701935480457345,0.0359605864421689,19.5195782356381,0,"group"
"sub62","X2","~","X2lag",0.53888899605641,0.542044025216934,0.042230066653582,12.8355001109371,0,"group"
"sub62","X3","~","X3lag",0.403918393160534,0.414210457005301,0.0586430809578384,7.06324514742154,1.62647673107585e-12,"group"
"sub62","X4","~","X4lag",0.650124441899173,0.668134317039459,0.0377761656211341,17.686663165879,0,"group"
"sub62","X2","~","X1",0.528395194994237,0.439469222056433,0.0442857137514618,9.92349868227938,0,"group"
"sub62","X3","~","X4",0.298074357027816,0.289644970969731,0.0585557561923864,4.94648160666041,7.55668642771212e-07,"group"
"sub62","X4","~","X1",0.359932028012774,0.29885653885871,0.0458744610231853,6.51466049285386,7.28541671435323e-11,"group"
"sub62","X3","~","X2",0.285350504978631,0.276816954159704,0.0499099358286838,5.54632959477007,2.91728670109848e-08,"group"
"sub63","X1","~","X1lag",0.736322139333207,0.777505291431977,0.0280352244290611,27.7331573856074,0,"group"
"sub63","X2","~","X2lag",0.466111797455103,0.474419693988981,0.0468579089677541,10.1246450052959,0,"group"
"sub63","X3","~","X3lag",0.480772272605794,0.501944657162145,0.049449194917087,10.1507144454782,0,"group"
"sub63","X4","~","X4lag",0.649989004163059,0.659141765698728,0.0359875534205042,18.3158259745209,0,"group"
"sub63","X2","~","X1",0.53728292906844,0.480522132567808,0.0467454042010114,10.2795588310992,0,"group"
"sub63","X3","~","X4",0.269734170920889,0.308721396521758,0.0553895931514934,5.5736353881024,2.49477603020409e-08,"group"
"sub63","X4","~","X1",0.449054633021638,0.346065710613365,0.0411481342518859,8.41024063193106,0,"group"
"sub63","X3","~","X2",0.198263926418826,0.195534547044483,0.0454052641407306,4.30642901753499,1.65911135088237e-05,"group"
"sub64","X1","~","X1lag",0.666475784386518,0.708022848983171,0.0353521559599853,20.0277134380312,0,"group"
"sub64","X2","~","X2lag",0.638914169087637,0.645589181772508,0.0340650959485169,18.9516325669007,0,"group"
"sub64","X3","~","X3lag",0.492616205170948,0.500214914172934,0.0493240403224477,10.1414018580567,0,"group"
"sub64","X4","~","X4lag",0.74368769966036,0.757749144606823,0.0281889135979899,26.8811049412297,0,"group"
"sub64","X2","~","X1",0.540947139900054,0.368654564766778,0.038579099822643,9.55581043781654,0,"group"
"sub64","X3","~","X4",0.337550035716706,0.339680050360203,0.0512213976857759,6.63160447990923,3.32056604435138e-11,"group"
"sub64","X4","~","X1",0.429018144263998,0.263148821221157,0.0379347069509841,6.93688820533595,4.00834920810667e-12,"group"
"sub64","X3","~","X2",0.206280459611337,0.18683186772101,0.0378318126400519,4.93848575268144,7.873152929605e-07,"group"
"sub65","X1","~","X1lag",0.748730488937786,0.756439902569324,0.0303258372319265,24.9437434087708,0,"group"
"sub65","X2","~","X2lag",0.390814298780397,0.400934027448305,0.0455784018701028,8.79657932261329,0,"group"
"sub65","X3","~","X3lag",0.55037408684838,0.564117027445447,0.0492963333627914,11.4433871439055,0,"group"
"sub65","X4","~","X4lag",0.717620138183011,0.734723403379882,0.0352801916636361,20.8253801562301,0,"group"
"sub65","X2","~","X1",0.393605704187149,0.326934649477088,0.0491331986952839,6.65404773470345,2.85140799860528e-11,"group"
"sub65","X3","~","X4",0.239031380424625,0.24609700730325,0.050472611716837,4.8758524461526,1.08339571580629e-06,"group"
"sub65","X4","~","X1",0.368729306500983,0.253669167246827,0.0431948816612219,5.8726672580413,4.2883867568122e-09,"group"
"sub65","X3","~","X2",0.246680916535349,0.210352377850225,0.0392125258898607,5.36441795259653,8.12106633052423e-08,"group"
"sub65","X2","~","X1lag",0.342045153157783,0.287033059116359,0.0567935554833459,5.0539723507983,4.32714278630897e-07,"ind"
"sub66","X1","~","X1lag",0.757240386451641,0.756302411313436,0.0303405947721569,24.9270792808414,0,"group"
"sub66","X2","~","X2lag",0.594026532509003,0.603982978504548,0.0405795275103653,14.883933243192,0,"group"
"sub66","X3","~","X3lag",0.374293780168396,0.382256720700595,0.0519403964573786,7.35952643361643,1.84519066692701e-13,"group"
"sub66","X4","~","X4lag",0.720204117995208,0.724229143036088,0.0335834000737398,21.5650929163183,0,"group"
"sub66","X2","~","X1",0.446600587972642,0.374517341326428,0.0443808108952999,8.43872236156215,0,"group"
"sub66","X3","~","X4",0.385676045470003,0.425438409290702,0.0491974743716262,8.64756605343273,0,"group"
"sub66","X4","~","X1",0.334772877877427,0.246763034729905,0.0422748966905859,5.83710556494053,5.31154453753402e-09,"group"
"sub66","X3","~","X2",0.229743886285834,0.222758964099899,0.0389511989349741,5.71892445395012,1.07200439636301e-08,"group"
"sub67","X1","~","X1lag",0.433892436835122,0.432747004685397,0.0624316589459977,6.93153140556005,4.16311429773941e-12,"group"
"sub67","X2","~","X2lag",0.617616351063684,0.623734150326035,0.0397967026371743,15.6730108022418,0,"group"
"sub67","X3","~","X3lag",0.370996081050423,0.379769902576158,0.057792156370944,6.57130528472708,4.98761032474704e-11,"group"
"sub67","X4","~","X4lag",0.728467355797783,0.717343525980073,0.0341672081068459,20.9950875628126,0,"group"
"sub67","X2","~","X1",0.47723588760089,0.337237666944531,0.0453065855216533,7.44345801083059,9.81437153768638e-14,"group"
"sub67","X3","~","X4",0.385794510281474,0.410221541030573,0.0599857399938778,6.83865100392928,7.9942719111159e-12,"group"
"sub67","X4","~","X1",0.345170448038387,0.227749924357562,0.0429328924366876,5.30478873962244,1.12803559604302e-07,"group"
"sub67","X3","~","X2",0.189351661293727,0.187997983830571,0.047003437949636,3.99966453585821,6.34323344181897e-05,"group"
"sub67","X1","~","X3lag",0.201197509123673,0.293553165209494,0.0647448160083262,4.53400261685419,5.78763112990544e-06,"ind"
"sub68","X1","~","X1lag",0.723298750141063,0.766926068111151,0.0291934594824445,26.2704757061199,0,"group"
"sub68","X2","~","X2lag",0.596405708307357,0.613008174544234,0.0360571232193749,17.0010283630959,0,"group"
"sub68","X3","~","X3lag",0.439885807474661,0.45606884148501,0.0493565633601925,9.24028762206818,0,"group"
"sub68","X4","~","X4lag",0.59087947784194,0.612062217757607,0.0422728197030769,14.478859514381,0,"group"
"sub68","X2","~","X1",0.480172010375925,0.387129950796001,0.0391471951235547,9.8890852735211,0,"group"
"sub68","X3","~","X4",0.348007376050519,0.347077286460567,0.0501030042146065,6.92727495888129,4.29034585636145e-12,"group"
"sub68","X4","~","X1",0.479711187554439,0.378132325516483,0.0467644442491104,8.08589370809591,6.66133814775094e-16,"group"
"sub68","X3","~","X2",0.213068297684637,0.207759364346052,0.0473442357143059,4.38827158600163,1.14255045056133e-05,"group"
"sub69","X1","~","X1lag",0.572467165320719,0.57424291628128,0.0475124132808877,12.086166048574,0,"group"
"sub69","X2","~","X2lag",0.434367132119213,0.443685811428063,0.0525270762319892,8.44680197825017,0,"group"
"sub69","X3","~","X3lag",0.437121595512524,0.451962878545349,0.0517584620603261,8.73215432905584,0,"group"
"sub69","X4","~","X4lag",0.642552630941272,0.655240681316974,0.0412402674235097,15.8883712995382,0,"group"
"sub69","X2","~","X1",0.32547083932988,0.255783538148518,0.057253412050274,4.46756846428498,7.91136955324845e-06,"group"
"sub69","X3","~","X4",0.340999029777757,0.345993614962808,0.0528680061279445,6.54448011762498,5.97026872384276e-11,"group"
"sub69","X4","~","X1",0.312182558065332,0.241685556408752,0.051352134298367,4.70643644535798,2.52084525897978e-06,"group"
"sub69","X3","~","X2",0.238673105247246,0.238561292925648,0.0434231474972523,5.49387381328688,3.93211498916912e-08,"group"
"sub69","X2","~","X1lag",0.303800205796382,0.239493446973208,0.0612195476662924,3.91204208627424,9.15189575305675e-05,"ind"
"sub7","X1","~","X1lag",0.377615950781381,0.379919595219111,0.062510752850063,6.07766788748134,1.21942989039781e-09,"group"
"sub7","X2","~","X2lag",0.431216422501565,0.431593590549819,0.0505891059796455,8.53135437347857,0,"group"
"sub7","X3","~","X3lag",0.414077713022169,0.42057336293976,0.0555247789779428,7.57451665150857,3.59712259978551e-14,"group"
"sub7","X4","~","X4lag",0.702353142593408,0.698760698213278,0.0348621394046448,20.0435403605832,0,"group"
"sub7","X2","~","X1",0.243303758162438,0.203773237715013,0.0520092230996269,3.91802118106385,8.92788629127672e-05,"group"
"sub7","X3","~","X4",0.360633616963816,0.37600348474304,0.0572046471433073,6.5729534840253,4.93267648948859e-11,"group"
"sub7","X4","~","X1",0.28396458918541,0.214169879856914,0.0457859989269968,4.67762820242048,2.90212131304202e-06,"group"
"sub7","X3","~","X2",0.174727043793448,0.164052052966226,0.0492465611006911,3.33123875656617,0.000864604112290612,"group"
"sub7","X2","~","X1lag",0.397797318593242,0.33519809591893,0.0541362641113582,6.19174783153541,5.95006932613273e-10,"ind"
"sub7","X1","~","X3",0.257684405340949,0.327693832342156,0.0658433686604359,4.97686918225771,6.46209628474281e-07,"ind"
"sub70","X1","~","X1lag",0.845104318765906,0.861806015262109,0.0182388240216767,47.251183203361,0,"group"
"sub70","X2","~","X2lag",0.564986266169775,0.584348091487964,0.0455530379982223,12.8278621397494,0,"group"
"sub70","X3","~","X3lag",0.515425708132057,0.527226052829251,0.0458818858671493,11.4909412040262,0,"group"
"sub70","X4","~","X4lag",0.758069999288446,0.770549784727838,0.0326089537799059,23.6300063451487,0,"group"
"sub70","X2","~","X1",0.482600837378465,0.401189435943176,0.0475370724993614,8.43950657560087,0,"group"
"sub70","X3","~","X4",0.265476584175025,0.266728706134282,0.0468697690885412,5.69084745500681,1.26410402145893e-08,"group"
"sub70","X4","~","X1",0.314586101239452,0.22691130056597,0.0389615816523377,5.82397559192403,5.74639713590841e-09,"group"
"sub70","X3","~","X2",0.262054172996798,0.228449279891312,0.0370329073614427,6.16881838797147,6.88021861705579e-10,"group"
"sub71","X1","~","X1lag",0.614586474747992,0.646668910214204,0.041244101901411,15.6790639243397,0,"group"
"sub71","X2","~","X2lag",0.476928560775314,0.47834353299706,0.0472632608377387,10.1208322176347,0,"group"
"sub71","X3","~","X3lag",0.45334901185254,0.468874620139852,0.0509691289620692,9.19918840458868,0,"group"
"sub71","X4","~","X4lag",0.703645923039997,0.711871736873545,0.0368261232690654,19.3306184219377,0,"group"
"sub71","X2","~","X1",0.250154195544935,0.225926088916776,0.0515486593615384,4.382773319714,1.17178017957631e-05,"group"
"sub71","X3","~","X4",0.319735852215703,0.346016848885359,0.0522726913287713,6.61945731297957,3.60520502340478e-11,"group"
"sub71","X4","~","X1",0.322018445347283,0.236145441272581,0.0478563441855145,4.9344647045576,8.03708773311484e-07,"group"
"sub71","X3","~","X2",0.216071808837662,0.189864706270324,0.0444479751766988,4.27161654756003,1.94061059459738e-05,"group"
"sub71","X2","~","X1lag",0.302375614815431,0.287345460730348,0.0575871698134872,4.98974791886804,6.04581359420209e-07,"ind"
"sub72","X1","~","X1lag",0.738994327971708,0.73950899887667,0.032121303396969,23.0223845445341,0,"group"
"sub72","X2","~","X2lag",0.534400693553711,0.53862303866574,0.0458627444009494,11.744239157537,0,"group"
"sub72","X3","~","X3lag",0.385746421128287,0.396703259604737,0.0552999487884669,7.17366414067045,7.30082660993503e-13,"group"
"sub72","X4","~","X4lag",0.759082044395581,0.776550148669287,0.030060985308615,25.8324915400142,0,"group"
"sub72","X2","~","X1",0.279890953286926,0.22620036162991,0.0506697746737638,4.46420697716332,8.03658490000636e-06,"group"
"sub72","X3","~","X4",0.330132167522541,0.351530270047677,0.054380559771892,6.46426354421925,1.01793240503412e-10,"group"
"sub72","X4","~","X1",0.360095211593765,0.225397273443838,0.0389513132379856,5.78664118631123,7.18077353134561e-09,"group"
"sub72","X3","~","X2",0.315832314340537,0.260470369125827,0.0470581204661805,5.53507803850816,3.11089811688703e-08,"group"
"sub72","X2","~","X1lag",0.288272044323735,0.233135988643961,0.056831584340046,4.10222574913653,4.09194735500051e-05,"ind"
"sub73","X1","~","X1lag",0.461783476214953,0.486793426505179,0.05532695402351,8.79848592963074,0,"group"
"sub73","X2","~","X2lag",0.445293955676266,0.457915481197179,0.0502047029932953,9.12096783558968,0,"group"
"sub73","X3","~","X3lag",0.439873217909307,0.469253761000783,0.0506044586423068,9.27297265084214,0,"group"
"sub73","X4","~","X4lag",0.603491502152194,0.606132203856287,0.0437417217057213,13.8570723835273,0,"group"
"sub73","X2","~","X1",0.332393308111784,0.240926752352585,0.0516879657883651,4.66117690409896,3.14406332679873e-06,"group"
"sub73","X3","~","X4",0.243552951024322,0.270678422010737,0.0555817684368627,4.86991381568239,1.11646934186638e-06,"group"
"sub73","X4","~","X1",0.313819978562449,0.241048647190121,0.0528400803604004,4.56185239587123,5.07042883080011e-06,"group"
"sub73","X3","~","X2",0.225904369713978,0.266057941715703,0.0491688730488268,5.411105140675,6.2636980269204e-08,"group"
"sub73","X2","~","X1lag",0.3427427683326,0.261883038509547,0.0605394458320444,4.32582483883472,1.51962144492312e-05,"ind"
"sub73","X1","~","X3",0.189949054014692,0.222511665810664,0.0617629565215027,3.60267186583267,0.000314963019989234,"ind"
"sub74","X1","~","X1lag",0.465161619653858,0.469007290905427,0.0527978267516148,8.88307947052163,0,"group"
"sub74","X2","~","X2lag",0.536387798020499,0.539473483895529,0.0415743960188141,12.9760991272464,0,"group"
"sub74","X3","~","X3lag",0.453846487968223,0.46583558265396,0.0594533009972301,7.83531906286689,4.66293670342566e-15,"group"
"sub74","X4","~","X4lag",0.722647108748242,0.728668259213219,0.0360300876399612,20.2238825088243,0,"group"
"sub74","X2","~","X1",0.49313701224501,0.438150733638991,0.0434641221454062,10.0807450377851,0,"group"
"sub74","X3","~","X4",0.341812660604077,0.362060844008816,0.0545577024857297,6.63629199018265,3.21671578262794e-11,"group"
"sub74","X4","~","X1",0.310791730791754,0.228192293817707,0.0431707732482037,5.28580510952979,1.25153082786156e-07,"group"
"sub74","X3","~","X2",0.166015401289593,0.145317316544762,0.0487335936304654,2.98187155346406,0.00286492170536579,"group"
"sub74","X1","~","X3",0.322799475278193,0.415057137408067,0.0559464073330221,7.41883450955896,1.18127729820117e-13,"ind"
"sub75","X1","~","X1lag",0.673103415866362,0.675591648108438,0.0385330709599435,17.532774608355,0,"group"
"sub75","X2","~","X2lag",0.540239195845893,0.558737508286891,0.0424410857537087,13.1650144751084,0,"group"
"sub75","X3","~","X3lag",0.373842739549029,0.38448530766959,0.0537798377349954,7.14924633213236,8.72635297355373e-13,"group"
"sub75","X4","~","X4lag",0.725574601894341,0.735676748358507,0.0308380854710082,23.8561096488995,0,"group"
"sub75","X2","~","X1",0.513759939245982,0.413242166495783,0.0452344758010585,9.13555776158928,0,"group"
"sub75","X3","~","X4",0.456765721744345,0.440644697364231,0.0535033193643336,8.23583849748907,2.22044604925031e-16,"group"
"sub75","X4","~","X1",0.408027591823558,0.270459178403144,0.0394862597324665,6.84945042239001,7.41340322463202e-12,"group"
"sub75","X3","~","X2",0.234971065305925,0.186800153586492,0.0417332827021301,4.47604744922109,7.60375927488788e-06,"group"
"sub76","X1","~","X1lag",0.378634586808911,0.379442556450957,0.0644385937108283,5.88843633294864,3.89866672279027e-09,"group"
"sub76","X2","~","X2lag",0.578537338527028,0.584367225039454,0.0418648488797376,13.9584219381306,0,"group"
"sub76","X3","~","X3lag",0.515785799049752,0.540102749696525,0.0496936116850801,10.8686555752736,0,"group"
"sub76","X4","~","X4lag",0.58759798082878,0.590337592117913,0.0446534357058271,13.2204293530067,0,"group"
"sub76","X2","~","X1",0.459382927998933,0.351333680776676,0.0474787918358125,7.39980246320571,1.36335387423969e-13,"group"
"sub76","X3","~","X4",0.229547490396833,0.238444978094132,0.0545361924109694,4.37223369569473,1.22981780801279e-05,"group"
"sub76","X4","~","X1",0.385839219513741,0.295672707994332,0.0521039542296983,5.67466927156565,1.38956854911498e-08,"group"
"sub76","X3","~","X2",0.183294912926671,0.190776983425877,0.0496490412702713,3.84251092357164,0.000121781992132641,"group"
"sub76","X1","~","X3",0.27889440980758,0.350363865911881,0.0678566484630762,5.16329459010239,2.42640819658746e-07,"ind"
"sub77","X1","~","X1lag",0.805431829577227,0.808382879807125,0.0245639527889502,32.9093158072981,0,"group"
"sub77","X2","~","X2lag",0.629764580689797,0.638340671295259,0.0394823956631054,16.1677289479108,0,"group"
"sub77","X3","~","X3lag",0.46576483070717,0.483409549180678,0.0514084368961281,9.40331156454762,0,"group"
"sub77","X4","~","X4lag",0.582259145790903,0.589203564944637,0.0426350830070411,13.8196884675311,0,"group"
"sub77","X2","~","X1",0.461822260787352,0.349280369186026,0.0435383777281979,8.02235607781528,1.11022302462516e-15,"group"
"sub77","X3","~","X4",0.245808511228601,0.23684753842856,0.0522034252475044,4.53701145673162,5.70570081004362e-06,"group"
"sub77","X4","~","X1",0.453630672953673,0.386764962655067,0.0455852557496489,8.48443112350084,0,"group"
"sub77","X3","~","X2",0.260740820323134,0.283221607765956,0.0484849125043455,5.84143794712576,5.17521558940359e-09,"group"
"sub78","X1","~","X1lag",0.61957790725671,0.621377762916251,0.0435174803387177,14.2788083795239,0,"group"
"sub78","X2","~","X2lag",0.55807657458231,0.570240942298175,0.0450801412395992,12.6494932495301,0,"group"
"sub78","X3","~","X3lag",0.38649764403151,0.394531251854639,0.0542712279927363,7.26962087365046,3.60600438398251e-13,"group"
"sub78","X4","~","X4lag",0.394610221862119,0.409807783501937,0.0639901747606071,6.4042297905118,1.51130441494729e-10,"group"
"sub78","X2","~","X1",0.41328818497082,0.359154136578037,0.0498368064458884,7.20660415847468,5.73541214521356e-13,"group"
"sub78","X3","~","X4",0.419041199664142,0.425000384624306,0.0546598236894899,7.7753705727014,7.54951656745106e-15,"group"
"sub78","X4","~","X1",0.42384864631908,0.303779825862511,0.0440146849307379,6.9017834920446,5.13544762270612e-12,"group"
"sub78","X3","~","X2",0.217986032773509,0.182339815768153,0.0404820740011805,4.50421131493499,6.66198912124827e-06,"group"
"sub78","X4","~","X3lag",0.311137994939007,0.313151870084567,0.0656787254307124,4.76793463988465,1.86124141743349e-06,"ind"
"sub79","X1","~","X1lag",0.713401826611812,0.713947524278076,0.0347549443438701,20.5423296672319,0,"group"
"sub79","X2","~","X2lag",0.433739149871191,0.447119359373463,0.0518040431256421,8.63097419421587,0,"group"
"sub79","X3","~","X3lag",0.446196375040382,0.456348594207119,0.0507088751844615,8.99938309708269,0,"group"
"sub79","X4","~","X4lag",0.65197526571562,0.67999463200719,0.0400095705693941,16.9957993132614,0,"group"
"sub79","X2","~","X1",0.296392085570746,0.263390642372847,0.0558462756111824,4.71635108143373,2.40111965599255e-06,"group"
"sub79","X3","~","X4",0.338520187901735,0.373976968057455,0.0491462388199361,7.60947281088278,2.75335310107039e-14,"group"
"sub79","X4","~","X1",0.326778928908669,0.257494971998221,0.0490986116275976,5.24444507619208,1.56753390712083e-07,"group"
"sub79","X3","~","X2",0.193962611666354,0.190002482654352,0.0413257508377411,4.59767769012514,4.27226224042343e-06,"group"
"sub79","X2","~","X1lag",0.295223557918433,0.262552902440303,0.0605606327560011,4.33537251002857,1.45513491416338e-05,"ind"
"sub8","X1","~","X1lag",0.819176002446681,0.819331046194291,0.0233007001373447,35.1633659660349,0,"group"
"sub8","X2","~","X2lag",0.569502651094438,0.575907424615534,0.0426241165768834,13.5113046525372,0,"group"
"sub8","X3","~","X3lag",0.555781168409883,0.569106081148268,0.0413974590892932,13.7473674391639,0,"group"
"sub8","X4","~","X4lag",0.711974822114661,0.726112889479884,0.0378030891566845,19.2077659704032,0,"group"
"sub8","X2","~","X1",0.493219660335577,0.409302233846691,0.0448394277140497,9.12817702440128,0,"group"
"sub8","X3","~","X4",0.298511196253187,0.265149779823873,0.0407010716914181,6.51456506684025,7.29005744659617e-11,"group"
"sub8","X4","~","X1",0.34357297333111,0.258934138495758,0.0442808196785653,5.8475461921293,4.98877339438764e-09,"group"
"sub8","X3","~","X2",0.240575359897793,0.19406551731966,0.0338148386519685,5.73906382689077,9.52013379240668e-09,"group"
"sub80","X1","~","X1lag",0.727636551939995,0.736086504827739,0.0324792839800599,22.6632614585853,0,"group"
"sub80","X2","~","X2lag",0.582186119162537,0.601786015009267,0.0406067932904078,14.8198359497504,0,"group"
"sub80","X3","~","X3lag",0.396014755310341,0.419897867270086,0.0471457743806409,8.90637332372476,0,"group"
"sub80","X4","~","X4lag",0.675033425989028,0.699550405967335,0.0354755173696482,19.7192446463331,0,"group"
"sub80","X2","~","X1",0.486403333780789,0.391734330202984,0.0444279289630576,8.81729892313272,0,"group"
"sub80","X3","~","X4",0.376789123724209,0.436345046221124,0.0552347333509451,7.8998307722193,2.88657986402541e-15,"group"
"sub80","X4","~","X1",0.469420170267321,0.307112595698962,0.0424254699954828,7.23887315170962,4.52526904837214e-13,"group"
"sub80","X3","~","X2",0.155964516426673,0.146723029776442,0.0457880540532025,3.20439539985603,0.00135346460248487,"group"
"sub81","X1","~","X1lag",0.493558156304076,0.499084604553246,0.0532309471618739,9.37583550853496,0,"group"
"sub81","X2","~","X2lag",0.479650368975474,0.482636708021839,0.0470552288602498,10.2568135298041,0,"group"
"sub81","X3","~","X3lag",0.432752000665161,0.449068885798209,0.0549542279902881,8.17168946268468,2.22044604925031e-16,"group"
"sub81","X4","~","X4lag",0.646675491957675,0.666269691577469,0.0392841856549737,16.9602520828407,0,"group"
"sub81","X2","~","X1",0.303169430456363,0.242809674215505,0.048838120630761,4.97172436366378,6.63600080219595e-07,"group"
"sub81","X3","~","X4",0.313058286973348,0.344567256589841,0.0558832156612716,6.16584519184415,7.01076530162936e-10,"group"
"sub81","X4","~","X1",0.330867024593151,0.264840845373691,0.0495695296663592,5.34281537783942,9.1513958855316e-08,"group"
"sub81","X3","~","X2",0.150391437917785,0.165433254475122,0.048333980116494,3.42271118737578,0.000619999146350692,"group"
"sub81","X2","~","X1lag",0.357236925250281,0.289316205889228,0.0529402462800765,5.46495768755252,4.63017233442997e-08,"ind"
"sub82","X1","~","X1lag",0.412081128732573,0.424676954757488,0.0627005861207993,6.77309385815474,1.2605694266199e-11,"group"
"sub82","X2","~","X2lag",0.557619626019437,0.56725962200947,0.0435524259301728,13.0247537282757,0,"group"
"sub82","X3","~","X3lag",0.518058166101763,0.527244970140968,0.0478528779331143,11.0180409813161,0,"group"
"sub82","X4","~","X4lag",0.592015315257032,0.600073627027766,0.0439334388329253,13.6586992270236,0,"group"
"sub82","X2","~","X1",0.480578606937116,0.364890758033641,0.04733102366835,7.70933585950818,1.26565424807268e-14,"group"
"sub82","X3","~","X4",0.319399815601933,0.28856476982197,0.0495708363273416,5.82126087033168,5.84053250207717e-09,"group"
"sub82","X4","~","X1",0.449230894185,0.342137756429065,0.0486596148753294,7.03124669822509,2.04702921280386e-12,"group"
"sub82","X3","~","X2",0.201748491448103,0.182831869915276,0.0454575384764103,4.02203630119909,5.76971628332146e-05,"group"
"sub82","X1","~","X3lag",0.223898707500234,0.331165794909734,0.0642015391149005,5.15822205316686,2.49305850186232e-07,"ind"
"sub83","X1","~","X1lag",0.716460806497645,0.715518858457538,0.0345957256987276,20.6822907745465,0,"group"
"sub83","X2","~","X2lag",0.560337874612969,0.570417969815033,0.0414716649046817,13.7544024607182,0,"group"
"sub83","X3","~","X3lag",0.48083852692913,0.500789184203223,0.055022538198061,9.10152822104581,0,"group"
"sub83","X4","~","X4lag",0.586335711034342,0.606321297856866,0.0428325095633284,14.1556332803804,0,"group"
"sub83","X2","~","X1",0.516714983811464,0.41428919918319,0.0441969370205241,9.37370838596355,0,"group"
"sub83","X3","~","X4",0.203367181516848,0.209436715122521,0.0553366812887714,3.78477187725782,0.00015384963590348,"group"
"sub83","X4","~","X1",0.415500047203852,0.350933376211088,0.047874153789166,7.33033063637158,2.29594121492482e-13,"group"
"sub83","X3","~","X2",0.248492499815503,0.269579134424534,0.0555995114360345,4.84858818830946,1.24343250718084e-06,"group"
"sub84","X1","~","X1lag",0.44772917527511,0.446049819112491,0.0562446679915419,7.93052630659262,2.22044604925031e-15,"group"
"sub84","X2","~","X2lag",0.552788454112304,0.606544085521874,0.0436451336366844,13.8971755836729,0,"group"
"sub84","X3","~","X3lag",0.49709332595732,0.507341108222353,0.0560726320478608,9.04792747715699,0,"group"
"sub84","X4","~","X4lag",0.639943918452822,0.645778288110072,0.0356860884866848,18.0960793265707,0,"group"
"sub84","X2","~","X1",0.360109390982528,0.29134845156587,0.051881984653963,5.61559958642822,1.95881799669451e-08,"group"
"sub84","X3","~","X4",0.242205690270303,0.268946558012515,0.0666779810708775,4.03351381810181,5.49489478995913e-05,"group"
"sub84","X4","~","X1",0.474071280641147,0.317008988873929,0.0427715587872303,7.41167724213442,1.24789067967868e-13,"group"
"sub84","X3","~","X2",0.191219067789138,0.175494095190739,0.0487415353924001,3.60050404194083,0.00031760089118138,"group"
"sub84","X1","~","X3",0.205894246160597,0.277290270355605,0.0616927375642331,4.49469874905287,6.96685063550362e-06,"ind"
"sub85","X1","~","X1lag",0.677217516025852,0.699758173268965,0.0361769274838964,19.3426645637735,0,"group"
"sub85","X2","~","X2lag",0.424273922465948,0.433228551320052,0.0477471659801896,9.07338775875829,0,"group"
"sub85","X3","~","X3lag",0.395074757166551,0.405135047213494,0.0532639218652778,7.60618131421519,2.8199664825479e-14,"group"
"sub85","X4","~","X4lag",0.653300065997607,0.673234623562976,0.0367488629994356,18.3198762795278,0,"group"
"sub85","X2","~","X1",0.384995817242268,0.297730611583995,0.0508084211796306,5.85986741314758,4.63236871084405e-09,"group"
"sub85","X3","~","X4",0.36008040514522,0.351190552944421,0.0498202054845898,7.04915906163916,1.80011561212723e-12,"group"
"sub85","X4","~","X1",0.422664688356195,0.319723900945002,0.0439621763792285,7.27270411243942,3.52384788016025e-13,"group"
"sub85","X3","~","X2",0.265390790323434,0.253186673443008,0.046409194808249,5.45552825230239,4.88274669585564e-08,"group"
"sub85","X2","~","X1lag",0.349910593522566,0.279604635103478,0.0547060923878525,5.11103284660054,3.20402265163722e-07,"ind"
"sub86","X1","~","X1lag",0.738107140091592,0.730289968224559,0.0330818252923792,22.0752622254127,0,"group"
"sub86","X2","~","X2lag",0.608844705175944,0.613400759794376,0.041127347284066,14.9146687131953,0,"group"
"sub86","X3","~","X3lag",0.451141782051025,0.461690015700389,0.0496458960181797,9.29966125561161,0,"group"
"sub86","X4","~","X4lag",0.694575734911078,0.711851866912298,0.0388348816235591,18.3302185342688,0,"group"
"sub86","X2","~","X1",0.487520664741319,0.344651291724546,0.0462342831823143,7.45445301629297,9.01501095995627e-14,"group"
"sub86","X3","~","X4",0.276039537938835,0.284552028197181,0.0487217365819715,5.84035069682787,5.20910514723028e-09,"group"
"sub86","X4","~","X1",0.350048816681831,0.238836722201771,0.048262235550718,4.94872894876121,7.46996868805638e-07,"group"
"sub86","X3","~","X2",0.27827275751765,0.276851379749602,0.0446116996276809,6.20580211155684,5.44186251616452e-10,"group"
"sub87","X1","~","X1lag",0.400062242136196,0.42476918635227,0.0584366461914882,7.268883723415,3.62376795237651e-13,"group"
"sub87","X2","~","X2lag",0.501893370425612,0.50135706006559,0.0468926826385892,10.6915840991577,0,"group"
"sub87","X3","~","X3lag",0.429221492075899,0.44052837986713,0.0561140653538442,7.8505874969002,4.2188474935756e-15,"group"
"sub87","X4","~","X4lag",0.58812100082743,0.593343179709582,0.0436307149810072,13.5992082634417,0,"group"
"sub87","X2","~","X1",0.161872391969035,0.122043042301557,0.0541486572010759,2.25385168552494,0.0242055000059977,"group"
"sub87","X3","~","X4",0.166643078876189,0.166003740531282,0.0629890627249038,2.63543754026442,0.00840288890670005,"group"
"sub87","X4","~","X1",0.386593613304922,0.307353040026098,0.0504554731883198,6.09156986555127,1.118087622487e-09,"group"
"sub87","X3","~","X2",0.291721468111436,0.306437267204553,0.0612449150672247,5.00347280861106,5.63066115066846e-07,"group"
"sub87","X2","~","X1lag",0.415210184373317,0.33237907769119,0.0556888015043431,5.96850836635922,2.39432362825198e-09,"ind"
"sub87","X1","~","X3",0.274808468558979,0.346989777791678,0.0621084266483826,5.58683896077594,2.31239969394892e-08,"ind"
"sub88","X1","~","X1lag",0.720308356583136,0.719268492258305,0.0342143240874461,21.0224375738061,0,"group"
"sub88","X2","~","X2lag",0.566599521338018,0.578834143283949,0.04278421895206,13.529150641561,0,"group"
"sub88","X3","~","X3lag",0.358673733809582,0.370059030231553,0.0550774134969432,6.71888904608948,1.83115744789575e-11,"group"
"sub88","X4","~","X4lag",0.540567458009655,0.575034007424107,0.0412973816679671,13.9242243502847,0,"group"
"sub88","X2","~","X1",0.498973990218644,0.402216823711974,0.0459251188261296,8.7581008823243,0,"group"
"sub88","X3","~","X4",0.398887883764834,0.412041045849813,0.0548996812015909,7.50534496433238,6.12843109593086e-14,"group"
"sub88","X4","~","X1",0.4864248291756,0.406989017258664,0.0443922746405665,9.16801449247545,0,"group"
"sub88","X3","~","X2",0.191700449857744,0.205540495272342,0.0530007455492165,3.87806799965629,0.000105289290954325,"group"
"sub89","X1","~","X1lag",0.780199118531128,0.78974423757736,0.0266754858147758,29.605617796843,0,"group"
"sub89","X2","~","X2lag",0.490129711979945,0.500192206340397,0.0463832030793434,10.7839082498198,0,"group"
"sub89","X3","~","X3lag",0.386374004275791,0.41309219064016,0.0583468965384952,7.07993424067751,1.44217970898808e-12,"group"
"sub89","X4","~","X4lag",0.611045958937159,0.627371629731136,0.0389954499359492,16.0883290425321,0,"group"
"sub89","X2","~","X1",0.578446677364715,0.474935298453487,0.046748844826572,10.1592948492181,0,"group"
"sub89","X3","~","X4",0.277630610076945,0.312373554726982,0.0574150682174474,5.44061976106924,5.30955319710813e-08,"group"
"sub89","X4","~","X1",0.499602237120681,0.370445296127117,0.0424677024347884,8.72298888069014,0,"group"
"sub89","X3","~","X2",0.247255868686715,0.25123614046488,0.0545444396156563,4.60608161409667,4.10327399613664e-06,"group"
"sub9","X1","~","X1lag",0.890168763178656,0.897364254298911,0.0138045701363734,65.0048676223873,0,"group"
"sub9","X2","~","X2lag",0.594987157298002,0.603074835824367,0.0420714820122371,14.3345279742928,0,"group"
"sub9","X3","~","X3lag",0.524753924471279,0.531169089547621,0.046166998331613,11.5053849880446,0,"group"
"sub9","X4","~","X4lag",0.726066202577037,0.73600613203968,0.0345943946262152,21.2753002326552,0,"group"
"sub9","X2","~","X1",0.501317329130932,0.395080686646285,0.0437095660403996,9.03876936872635,0,"group"
"sub9","X3","~","X4",0.338802302448407,0.350657202998266,0.0481522056157514,7.28226668984733,3.28181926079196e-13,"group"
"sub9","X4","~","X1",0.450020923839217,0.271176374031943,0.0378341935176419,7.16749450217552,7.63833440942108e-13,"group"
"sub9","X3","~","X2",0.158113896711655,0.125127426662475,0.0341808793015292,3.66074335182118,0.000251484569995242,"group"
"sub90","X1","~","X1lag",0.734607471188286,0.74673842099737,0.0313596083449419,23.8121092834954,0,"group"
"sub90","X2","~","X2lag",0.59770252343474,0.599372974198389,0.0391047198151509,15.3273818871901,0,"group"
"sub90","X3","~","X3lag",0.420588802692008,0.431941984774656,0.0564204618731837,7.65576832294517,1.93178806284777e-14,"group"
"sub90","X4","~","X4lag",0.679782321747285,0.709013288022533,0.0339817353783928,20.8645403222508,0,"group"
"sub90","X2","~","X1",0.434535620535879,0.378559722014142,0.0429096080458689,8.82226007773072,0,"group"
"sub90","X3","~","X4",0.34296102349504,0.368600143516721,0.0510341510551946,7.22261732380091,5.10036457512797e-13,"group"
"sub90","X4","~","X1",0.507147273366677,0.316044196315308,0.0402050813857881,7.86080230214443,3.77475828372553e-15,"group"
"sub90","X3","~","X2",0.260829930848904,0.200527003112081,0.04643871559634,4.31809968335742,1.57378353016213e-05,"group"
"sub91","X1","~","X1lag",0.814208469031058,0.81480825710944,0.0238246016309443,34.2002888329993,0,"group"
"sub91","X2","~","X2lag",0.642083886312257,0.652357780956662,0.0386641442001886,16.8724226140632,0,"group"
"sub91","X3","~","X3lag",0.506448571091648,0.511697162474061,0.0511350124970522,10.0067866905002,0,"group"
"sub91","X4","~","X4lag",0.697427582405193,0.715029688906181,0.0359861301762166,19.8695910175623,0,"group"
"sub91","X2","~","X1",0.476042771552186,0.335982814921061,0.0429702666744482,7.81896043295561,5.32907051820075e-15,"group"
"sub91","X3","~","X4",0.301184178038419,0.29638289594848,0.050462209219992,5.87336346406053,4.27040758310682e-09,"group"
"sub91","X4","~","X1",0.413929285034903,0.278089159859767,0.0418771669185778,6.64059152808637,3.12427861359765e-11,"group"
"sub91","X3","~","X2",0.214916325885194,0.201315497404937,0.0411897818156036,4.88751065267052,1.02118971478937e-06,"group"
"sub92","X1","~","X1lag",0.794673343038135,0.79915771285353,0.025615206082238,31.1985665970371,0,"group"
"sub92","X2","~","X2lag",0.554759899971554,0.562624020819066,0.0445526970419849,12.6282819710975,0,"group"
"sub92","X3","~","X3lag",0.426775626842878,0.440108314462194,0.0539384615142749,8.15945249654032,4.44089209850063e-16,"group"
"sub92","X4","~","X4lag",0.673340831753212,0.687074071154345,0.0401049085971577,17.131919637464,0,"group"
"sub92","X2","~","X1",0.540885156147045,0.403874617516232,0.0469800358235858,8.59672859835223,0,"group"
"sub92","X3","~","X4",0.37911164582832,0.350994145241874,0.0527558255663094,6.65318268597095,2.86821677519811e-11,"group"
"sub92","X4","~","X1",0.309909825386791,0.265667218666729,0.0476651643162944,5.57361382211601,2.49508502747631e-08,"group"
"sub92","X3","~","X2",0.19644598188852,0.208803139262329,0.0485839799672816,4.29777756789265,1.72519155632322e-05,"group"
"sub93","X1","~","X1lag",0.534749939642352,0.55317317549079,0.0494046961853091,11.1967731451263,0,"group"
"sub93","X2","~","X2lag",0.547202624279335,0.572579266754133,0.0437472503681412,13.0883486833063,0,"group"
"sub93","X3","~","X3lag",0.601760592547316,0.617624271483442,0.0456532168788152,13.5286035400945,0,"group"
"sub93","X4","~","X4lag",0.695392935423207,0.698384538357323,0.032935675543529,21.2045001911169,0,"group"
"sub93","X2","~","X1",0.454703415035412,0.376663769543597,0.0480317399008429,7.84197637481351,4.44089209850063e-15,"group"
"sub93","X3","~","X4",0.195496403709736,0.208664156403193,0.052687357929818,3.96042171408828,7.48175183391542e-05,"group"
"sub93","X4","~","X1",0.448095556082362,0.296232218897477,0.0385581950551733,7.68273044092433,1.55431223447522e-14,"group"
"sub93","X3","~","X2",0.194354615491919,0.16555410819966,0.0441504208408269,3.74977418214252,0.000176993882647913,"group"
"sub93","X1","~","X3",0.202537733389956,0.287035233470853,0.0551003166641556,5.2093209413001,1.89533019279153e-07,"ind"
"sub94","X1","~","X1lag",0.627904961635394,0.655238224078727,0.0404532106558777,16.1974343557703,0,"group"
"sub94","X2","~","X2lag",0.570939556405953,0.613592305018579,0.0384270856268433,15.9677033792527,0,"group"
"sub94","X3","~","X3lag",0.464333887398955,0.472860190654781,0.0536288808371277,8.81726754826134,0,"group"
"sub94","X4","~","X4lag",0.635450561278557,0.642224487736645,0.0406498226047321,15.7989493332225,0,"group"
"sub94","X2","~","X1",0.513618736197353,0.390875603680869,0.0436374367551276,8.95734563591063,0,"group"
"sub94","X3","~","X4",0.242727414005528,0.233838777102066,0.0510420802880618,4.58129401823692,4.62107616328034e-06,"group"
"sub94","X4","~","X1",0.259712208765394,0.229814604915409,0.0504470683011965,4.55555917626948,5.22464039098836e-06,"group"
"sub94","X3","~","X2",0.248823482866733,0.27872544599165,0.0511993932137106,5.44392088453522,5.21203762371414e-08,"group"
"sub95","X1","~","X1lag",0.630601396284106,0.645304295502298,0.0413690533457787,15.5987203794245,0,"group"
"sub95","X2","~","X2lag",0.499315330095383,0.506851630977361,0.0508844101354202,9.96084320577681,0,"group"
"sub95","X3","~","X3lag",0.417826497951477,0.431413328753481,0.0527405291697516,8.17992036759673,2.22044604925031e-16,"group"
"sub95","X4","~","X4lag",0.714818127309052,0.725862782652806,0.0353478704693613,20.5348376865296,0,"group"
"sub95","X2","~","X1",0.302421741443613,0.231214964527554,0.0543026639346893,4.2578935870557,2.06362130941162e-05,"group"
"sub95","X3","~","X4",0.380185651895162,0.354549120218598,0.0526008009955574,6.74037492791303,1.57978075066012e-11,"group"
"sub95","X4","~","X1",0.310037245187378,0.22497033607036,0.0465494035439693,4.83293702910413,1.34533351459076e-06,"group"
"sub95","X3","~","X2",0.26867389610253,0.237801517349111,0.0443176779640377,5.36583883167522,8.05738660236699e-08,"group"
"sub95","X2","~","X1lag",0.29674002767146,0.232160692063313,0.0581222576177578,3.99435090065019,6.48717287072831e-05,"ind"
"sub96","X1","~","X1lag",0.837170303281616,0.833821382333417,0.02160256118499,38.5982650479785,0,"group"
"sub96","X2","~","X2lag",0.577827531427466,0.583806479453752,0.0405251099168619,14.4060430841876,0,"group"
"sub96","X3","~","X3lag",0.435074713906029,0.443166495817653,0.0457311625916203,9.69068947087862,0,"group"
"sub96","X4","~","X4lag",0.758060724999486,0.766919041806417,0.0334593560458852,22.9209145793089,0,"group"
"sub96","X2","~","X1",0.535156567249936,0.41316253442295,0.0424565166520432,9.73142798805342,0,"group"
"sub96","X3","~","X4",0.490802507878516,0.438554315424065,0.0467033312557813,9.39021486544984,0,"group"
"sub96","X4","~","X1",0.341898672261673,0.231972667328079,0.039725907365348,5.83932961416567,5.24112864219717e-09,"group"
"sub96","X3","~","X2",0.168057649370095,0.1319696998383,0.0373315169233838,3.53507466919022,0.000407659944940075,"group"
"sub97","X1","~","X1lag",0.779281983292434,0.782164698914293,0.0275200574287921,28.4216230630381,0,"group"
"sub97","X2","~","X2lag",0.542492915630068,0.55445658940823,0.0419613668338831,13.2135016383812,0,"group"
"sub97","X3","~","X3lag",0.493709037758041,0.513454521825963,0.047482493285577,10.8135543501867,0,"group"
"sub97","X4","~","X4lag",0.682235980910819,0.694498124293241,0.0368645639242604,18.8391791564418,0,"group"
"sub97","X2","~","X1",0.501692714024421,0.429237262450817,0.0439316738736701,9.7705647111269,0,"group"
"sub97","X3","~","X4",0.263120048086834,0.259009407946371,0.0531138182115984,4.87649761714572,1.07985992059412e-06,"group"
"sub97","X4","~","X1",0.407290849384643,0.29902936281437,0.0427763161378803,6.99053564712102,2.73847611254041e-12,"group"
"sub97","X3","~","X2",0.290133503134392,0.245080659969239,0.0434418326342438,5.64158197543557,1.6849478257086e-08,"group"
"sub98","X1","~","X1lag",0.67131837168146,0.67204197579948,0.0388721712284979,17.2885114095915,0,"group"
"sub98","X2","~","X2lag",0.468439204656119,0.491193730499862,0.0459510235527041,10.6895057503231,0,"group"
"sub98","X3","~","X3lag",0.551188850919124,0.572372037761961,0.044746741565647,12.7913679909462,0,"group"
"sub98","X4","~","X4lag",0.576973986221173,0.604028770194293,0.0423387772060214,14.2665615318807,0,"group"
"sub98","X2","~","X1",0.301749051814534,0.227087694382828,0.0488097580819309,4.65250604196078,3.27925126963891e-06,"group"
"sub98","X3","~","X4",0.274344310436205,0.267263705576862,0.0542233315965745,4.92894290534051,8.26757289074109e-07,"group"
"sub98","X4","~","X1",0.466322300057631,0.362850585726246,0.0472536660077092,7.67878169848345,1.59872115546023e-14,"group"
"sub98","X3","~","X2",0.181236827811382,0.18255109275376,0.0448068150153937,4.07418140948075,4.61764778929563e-05,"group"
"sub98","X2","~","X1lag",0.38362144042098,0.289013697398165,0.0547318074129793,5.28054363740284,1.28801142418311e-07,"ind"
"sub99","X1","~","X1lag",0.594932548396849,0.605241761733535,0.0449205573244501,13.4736031292315,0,"group"
"sub99","X2","~","X2lag",0.582675093948749,0.596490444946772,0.0445438846221133,13.3910737693194,0,"group"
"sub99","X3","~","X3lag",0.428788748691804,0.450408883726046,0.0470644560897887,9.57004332243348,0,"group"
"sub99","X4","~","X4lag",0.606694637965547,0.632907714424161,0.0429595370733723,14.7326474524898,0,"group"
"sub99","X2","~","X1",0.45384913143062,0.352747218463268,0.0502803870682231,7.01560268389824,2.289501921382e-12,"group"
"sub99","X3","~","X4",0.307281620479899,0.36877274417873,0.0488557597707998,7.54819382420368,4.41868763800812e-14,"group"
"sub99","X4","~","X1",0.397411963927112,0.298305325138102,0.0507341946869889,5.87976860534665,4.10840406139812e-09,"group"
"sub99","X3","~","X2",0.183316028422162,0.212466591068331,0.049616833516983,4.28214732799519,1.85098356941804e-05,"group"
